<eml:eml xmlns:eml="https://eml.ecoinformatics.org/eml-2.2.0"
         xmlns:dc="http://purl.org/dc/terms/"
         xmlns:xsi="http://www.w3.org/2001/XMLSchema-instance"
         xsi:schemaLocation="https://eml.ecoinformatics.org/eml-2.2.0 https://rs.gbif.org/schema/eml-gbif-profile/1.3/eml.xsd"
         packageId="bbaca86c-f703-41fc-800a-fa301c0661fd/v1.3" system="http://gbif.org" scope="system"
         xml:lang="eng">
    <dataset>
        <alternateIdentifier>bbaca86c-f703-41fc-800a-fa301c0661fd</alternateIdentifier>
        <alternateIdentifier>https://gbif.jp/ipt/resource?r=crop_flower_visitors_japan</alternateIdentifier>
        <title xml:lang="eng">Records of flower visitors in Japanese crops</title>
        <creator>
            <individualName>
                <givenName>Shoko</givenName>
                <surName>Nakamura</surName>
            </individualName>
            <organizationName>Forestry and Forest Products Research Institute, Forest Research and Management Organization</organizationName>
            <positionName>Researcher</positionName>
            <address>
                <deliveryPoint>1833-81 Todori</deliveryPoint>
                <city>Hachioji</city>
                <administrativeArea>Tokyo</administrativeArea>
                <postalCode>193-0843</postalCode>
                <country>JP</country>
            </address>
            <electronicMailAddress>nakamuras1220@affrc.go.jp</electronicMailAddress>
            <electronicMailAddress>nakamurashoko58@gmail.com</electronicMailAddress>
            <userId directory="https://orcid.org/">0000-0002-9424-8773</userId>
        </creator>
        <creator>
            <individualName>
                <givenName>Aoi</givenName>
                <surName>Nikkeshi</surName>
            </individualName>
            <organizationName>Institute for Agro-Environmental Sciences, National Agriculture and Food Research Organization</organizationName>
            <positionName>Researcher</positionName>
            <address>
                <deliveryPoint>3-3-1 Kannondai</deliveryPoint>
                <city>Tsukuba</city>
                <administrativeArea>Ibaraki</administrativeArea>
                <postalCode>305-8604</postalCode>
                <country>JP</country>
            </address>
            <electronicMailAddress>nikkeshia456@affrc.go.jp</electronicMailAddress>
            <userId directory="https://orcid.org/">0000-0002-1821-7393</userId>
        </creator>
        <creator>
            <individualName>
                <givenName>Hisatomo</givenName>
                <surName>Taki</surName>
            </individualName>
            <organizationName>Forestry and Forest Products Research Institute, Forest Research and Management Organization</organizationName>
            <address>
                <deliveryPoint>1 Matsunosato</deliveryPoint>
                <city>Tsukuba</city>
                <administrativeArea>Ibaraki</administrativeArea>
                <postalCode>305‑8687</postalCode>
                <country>JP</country>
            </address>
            <electronicMailAddress>htaki@affrc.go.jp</electronicMailAddress>
            <userId directory="https://orcid.org/">0000-0002-2399-0049</userId>
        </creator>
        <creator>
            <individualName>
                <givenName>Masatoshi</givenName>
                <surName>Toyama</surName>
            </individualName>
            <organizationName>Institute for Plant Protection, National Agriculture and Food Research Organization</organizationName>
            <address>
                <deliveryPoint>2-1 Fujimoto</deliveryPoint>
                <city>Tsukuba</city>
                <administrativeArea>Ibaraki</administrativeArea>
                <postalCode>305-8605</postalCode>
                <country>JP</country>
            </address>
            <userId directory="https://orcid.org/">0000-0003-0102-3266</userId>
        </creator>
        <metadataProvider>
            <individualName>
                <givenName>Shoko</givenName>
                <surName>Nakamura</surName>
            </individualName>
            <organizationName>Forestry and Forest Products Research Institute, Forest Research and Management Organization</organizationName>
            <positionName>Researcher</positionName>
            <address>
                <deliveryPoint>1833-81 Todori</deliveryPoint>
                <city>Hachioji</city>
                <administrativeArea>Tokyo</administrativeArea>
                <postalCode>193-0843</postalCode>
                <country>JP</country>
            </address>
            <electronicMailAddress>nakamuras1220@affrc.go.jp</electronicMailAddress>
            <electronicMailAddress>nakamurashoko58@gmail.com</electronicMailAddress>
            <userId directory="https://orcid.org/">0000-0002-9424-8773</userId>
        </metadataProvider>
        <metadataProvider>
            <individualName>
                <givenName>Aoi</givenName>
                <surName>Nikkeshi</surName>
            </individualName>
            <organizationName>Institute for Agro-Environmental Sciences, National Agriculture and Food Research Organization</organizationName>
            <positionName>Researcher</positionName>
            <address>
                <deliveryPoint>3-3-1 Kannondai</deliveryPoint>
                <city>Tsukuba</city>
                <administrativeArea>Ibaraki</administrativeArea>
                <postalCode>305-8604</postalCode>
                <country>JP</country>
            </address>
            <electronicMailAddress>nikkeshia456@affrc.go.jp</electronicMailAddress>
            <userId directory="https://orcid.org/">0000-0002-1821-7393</userId>
        </metadataProvider>
        <metadataProvider>
            <individualName>
                <givenName>Hisatomo</givenName>
                <surName>Taki</surName>
            </individualName>
            <organizationName>Forestry and Forest Products Research Institute, Forest Research and Management Organization</organizationName>
            <address>
                <deliveryPoint>1 Matsunosato</deliveryPoint>
                <city>Tsukuba</city>
                <administrativeArea>Ibaraki</administrativeArea>
                <postalCode>305‑8687</postalCode>
                <country>JP</country>
            </address>
            <electronicMailAddress>htaki@affrc.go.jp</electronicMailAddress>
            <userId directory="https://orcid.org/">0000-0002-2399-0049</userId>
        </metadataProvider>
        <metadataProvider>
            <individualName>
                <givenName>Masatoshi</givenName>
                <surName>Toyama</surName>
            </individualName>
            <organizationName>Institute for Plant Protection, National Agriculture and Food Research Organization</organizationName>
            <address>
                <deliveryPoint>2-1 Fujimoto</deliveryPoint>
                <city>Tsukuba</city>
                <administrativeArea>Ibaraki</administrativeArea>
                <postalCode>305-8605</postalCode>
                <country>JP</country>
            </address>
            <userId directory="https://orcid.org/">0000-0003-0102-3266</userId>
        </metadataProvider>
        <associatedParty>
            <individualName>
                <givenName>Tomonori</givenName>
                <surName>Arai</surName>
            </individualName>
            <organizationName>Institute for Plant Protection, National Agriculture and Food Research Organization</organizationName>
            <address>
                <deliveryPoint>2-1 Fujimoto</deliveryPoint>
                <city>Tsukuba</city>
                <administrativeArea>Ibaraki</administrativeArea>
                <postalCode>305-8605</postalCode>
                <country>JP</country>
            </address>
            <electronicMailAddress>gaityuu@affrc.go.jp</electronicMailAddress>
            <role>author</role>
        </associatedParty>
        <associatedParty>
            <individualName>
                <givenName>Ken</givenName>
                <surName>Funayama</surName>
            </individualName>
            <organizationName>Akita Fruit Tree Experiment Station</organizationName>
            <address>
                <deliveryPoint>65 Aza Kaidoshita, Daigo, Hirakamachi</deliveryPoint>
                <city>Yokote</city>
                <administrativeArea>Akita</administrativeArea>
                <postalCode>013-0102</postalCode>
                <country>JP</country>
            </address>
            <electronicMailAddress>funayamak@pref.akita.lg.jp</electronicMailAddress>
            <userId directory="https://orcid.org/">0000-0001-7281-7544</userId>
            <role>author</role>
        </associatedParty>
        <associatedParty>
            <individualName>
                <givenName>Shunsuke</givenName>
                <surName>Furihata</surName>
            </individualName>
            <organizationName>Institute for Plant Protection, National Agriculture and Food Research Organization</organizationName>
            <address>
                <deliveryPoint>2-1 Fujimoto</deliveryPoint>
                <city>Tsukuba</city>
                <administrativeArea>Ibaraki</administrativeArea>
                <postalCode>305-8605</postalCode>
                <country>JP</country>
            </address>
            <electronicMailAddress>furihatas300@affrc.go.jp</electronicMailAddress>
            <role>author</role>
        </associatedParty>
        <associatedParty>
            <individualName>
                <givenName>Yuki</givenName>
                <surName>Furui</surName>
            </individualName>
            <organizationName>Tottori Prefecture Horticultural Research Center</organizationName>
            <address>
                <deliveryPoint>2048 Yurasyuku, Hokuei-cho</deliveryPoint>
                <city>Tohaku-gun</city>
                <administrativeArea>Tottori</administrativeArea>
                <postalCode>689-222</postalCode>
                <country>JP</country>
            </address>
            <electronicMailAddress>furuiy@pref.tottori.lg.jp</electronicMailAddress>
            <role>author</role>
        </associatedParty>
        <associatedParty>
            <individualName>
                <givenName>Takamasa</givenName>
                <surName>Ikeda</surName>
            </individualName>
            <organizationName>Tohaku Agricultural Extension Center, Tottori Prefecture</organizationName>
            <address>
                <deliveryPoint>212-1 Yabase, Kotoura-cho</deliveryPoint>
                <city>Tohaku-gun</city>
                <administrativeArea>Tottori</administrativeArea>
                <postalCode>689-2301</postalCode>
                <country>JP</country>
            </address>
            <electronicMailAddress>ikedat@pref.tottori.lg.jp</electronicMailAddress>
            <role>author</role>
        </associatedParty>
        <associatedParty>
            <individualName>
                <givenName>Hiromitsu</givenName>
                <surName>Inoue</surName>
            </individualName>
            <organizationName>Institute for Plant Protection, National Agriculture and Food Research Organization</organizationName>
            <address>
                <deliveryPoint>301-2 Akitsu</deliveryPoint>
                <city>Higashihiroshima</city>
                <administrativeArea>Hiroshima</administrativeArea>
                <postalCode>739‑2494</postalCode>
                <country>JP</country>
            </address>
            <electronicMailAddress>hiinoue@affrc.go.jp</electronicMailAddress>
            <userId directory="https://orcid.org/">0000-0001-8197-1033</userId>
            <role>author</role>
        </associatedParty>
        <associatedParty>
            <individualName>
                <givenName>Kiyohiko</givenName>
                <surName>Kagawa</surName>
            </individualName>
            <organizationName>School of Agriculture, Utsunomiya University</organizationName>
            <address>
                <deliveryPoint>350 Mine-machi</deliveryPoint>
                <city>Utsunomiya</city>
                <administrativeArea>Tochigi</administrativeArea>
                <postalCode>321-8505</postalCode>
                <country>JP</country>
            </address>
            <electronicMailAddress>kagawa@cc.utsunomiya-u.ac.jp</electronicMailAddress>
            <userId directory="https://orcid.org/">0000-0002-2304-7405</userId>
            <role>author</role>
        </associatedParty>
        <associatedParty>
            <individualName>
                <givenName>Hidenari</givenName>
                <surName>Kishimoto</surName>
            </individualName>
            <organizationName>Institute for Plant Protection, National Agriculture and Food Research Organization</organizationName>
            <address>
                <deliveryPoint>92-24 Nabe-yashiki, Shimo-kuriyagawa</deliveryPoint>
                <city>Morioka</city>
                <administrativeArea>Iwate</administrativeArea>
                <postalCode>020-0123</postalCode>
                <country>JP</country>
            </address>
            <electronicMailAddress>kisimoto@affrc.go.jp</electronicMailAddress>
            <role>author</role>
        </associatedParty>
        <associatedParty>
            <individualName>
                <givenName>Mitsuko</givenName>
                <surName>Kohyama</surName>
            </individualName>
            <organizationName>Fruit Tree Research Institute</organizationName>
            <address>
                <deliveryPoint>2566 Toyofuku, Matsubase-machi</deliveryPoint>
                <city>Uki</city>
                <administrativeArea>Kumamoto</administrativeArea>
                <postalCode>869-0524</postalCode>
                <country>JP</country>
            </address>
            <electronicMailAddress>koyama-m@pref.kumamoto.lg.jp</electronicMailAddress>
            <role>author</role>
        </associatedParty>
        <associatedParty>
            <individualName>
                <givenName>Michiyo</givenName>
                <surName>Komatsu</surName>
            </individualName>
            <organizationName>Semboku Regional Development Bureau, Akita Prefecture</organizationName>
            <address>
                <deliveryPoint>13-62 Kamisakae-machi, Omagari</deliveryPoint>
                <city>Daisen</city>
                <administrativeArea>Akita</administrativeArea>
                <postalCode>014-0062</postalCode>
                <country>JP</country>
            </address>
            <electronicMailAddress>Komatsu-Michiyo@pref.akita.lg.jp</electronicMailAddress>
            <role>author</role>
        </associatedParty>
        <associatedParty>
            <individualName>
                <givenName>Akihiro</givenName>
                <surName>Konuma</surName>
            </individualName>
            <organizationName>Department of Business Development, National Agricultural Research Organization</organizationName>
            <address>
                <deliveryPoint>3-1-1 Kannondai</deliveryPoint>
                <city>Tsukuba</city>
                <administrativeArea>Ibaraki</administrativeArea>
                <postalCode>305-8517</postalCode>
                <country>JP</country>
            </address>
            <electronicMailAddress>akihiro_konuma410@maff.go.jp</electronicMailAddress>
            <role>author</role>
        </associatedParty>
        <associatedParty>
            <individualName>
                <givenName>Ken</givenName>
                <surName>Nakada</surName>
            </individualName>
            <organizationName>Department of Agriculture, Forestry and Fisheries, Tottori Prefecture</organizationName>
            <address>
                <deliveryPoint>1-220 Higashimachi</deliveryPoint>
                <city>Tottori</city>
                <administrativeArea>Tottori</administrativeArea>
                <postalCode>680-8570</postalCode>
                <country>JP</country>
            </address>
            <electronicMailAddress>nakadaken@pref.tottori.lg.jp</electronicMailAddress>
            <role>author</role>
        </associatedParty>
        <associatedParty>
            <individualName>
                <givenName>Suguru</givenName>
                <surName>Nakamura</surName>
            </individualName>
            <organizationName>Fukushima Agricultural Technology Centre, Fruit Tree Research Centre</organizationName>
            <address>
                <deliveryPoint>1 Dan-no-higashi, Hirano, Iizaka-machi</deliveryPoint>
                <city>Fukushima</city>
                <administrativeArea>Fukushima</administrativeArea>
                <postalCode>960-0231</postalCode>
                <country>JP</country>
            </address>
            <electronicMailAddress>nakamura_suguru_01@pref.fukushima.lg.jp</electronicMailAddress>
            <role>author</role>
        </associatedParty>
        <associatedParty>
            <individualName>
                <givenName>Nobuo</givenName>
                <surName>Sawamura</surName>
            </individualName>
            <organizationName>Shimane Agricultural Technology Center</organizationName>
            <address>
                <deliveryPoint>2440 Ashiwata-cho</deliveryPoint>
                <city>Izumo</city>
                <administrativeArea>Shimane</administrativeArea>
                <postalCode>693-0035</postalCode>
                <country>JP</country>
            </address>
            <electronicMailAddress>sawamura-nobuo@pref.shimane.lg.jp</electronicMailAddress>
            <role>author</role>
        </associatedParty>
        <associatedParty>
            <individualName>
                <givenName>Shoji</givenName>
                <surName>Sonoda</surName>
            </individualName>
            <organizationName>School of Agriculture, Utsunomiya University</organizationName>
            <address>
                <deliveryPoint>350 Mine-machi</deliveryPoint>
                <city>Utsunomiya</city>
                <administrativeArea>Tochigi</administrativeArea>
                <postalCode>321-8505</postalCode>
                <country>JP</country>
            </address>
            <electronicMailAddress>sonodas@cc.utsunomiya-u.ac.jp</electronicMailAddress>
            <userId directory="https://orcid.org/">0000-0001-7683-0236</userId>
            <role>author</role>
        </associatedParty>
        <associatedParty>
            <individualName>
                <givenName>Masahiro</givenName>
                <surName>Sueyoshi</surName>
            </individualName>
            <organizationName>Forestry and Forest Products Research Institute, Forest Research and Management Organization</organizationName>
            <address>
                <deliveryPoint>1 Matsunosato</deliveryPoint>
                <city>Tsukuba</city>
                <administrativeArea>Ibaraki</administrativeArea>
                <postalCode>305‑8687</postalCode>
                <country>JP</country>
            </address>
            <electronicMailAddress>ms110899@gmail.com</electronicMailAddress>
            <userId directory="https://orcid.org/">0000-0003-2782-9401</userId>
            <role>author</role>
        </associatedParty>
        <associatedParty>
            <individualName>
                <givenName>Seishi</givenName>
                <surName>Toda</surName>
            </individualName>
            <organizationName>Tea Research Insutitute, Kumamoto Prefecture</organizationName>
            <address>
                <deliveryPoint>5450 Oaza-Takio, Mifune-cho</deliveryPoint>
                <city>Kamimashiki-gun</city>
                <administrativeArea>Kumamoto</administrativeArea>
                <country>JP</country>
            </address>
            <electronicMailAddress>toda-s@pref.kumamoto.lg.jp</electronicMailAddress>
            <role>author</role>
        </associatedParty>
        <associatedParty>
            <individualName>
                <givenName>Katsuhiko</givenName>
                <surName>Yaginuma</surName>
            </individualName>
            <organizationName>Institute of Fruit Tree and Tea Science, National Agriculture and Food Research Organization</organizationName>
            <address>
                <deliveryPoint>92-24 Aza Nabayashiki, Shimokuriyagawa</deliveryPoint>
                <city>Morioka</city>
                <administrativeArea>Iwate</administrativeArea>
                <postalCode>020-0123</postalCode>
                <country>JP</country>
            </address>
            <electronicMailAddress>yaginuma@affrc.go.jp</electronicMailAddress>
            <role>author</role>
        </associatedParty>
        <associatedParty>
            <individualName>
                <givenName>Shunsuke</givenName>
                <surName>Yamamoto</surName>
            </individualName>
            <organizationName>Eastern Shimane Agriculture, Forestry and Fisheries Promotion Center</organizationName>
            <address>
                <deliveryPoint>1139 Otsu-cho</deliveryPoint>
                <city>Izumo</city>
                <administrativeArea>Shimane</administrativeArea>
                <postalCode>693-8511</postalCode>
                <country>JP</country>
            </address>
            <electronicMailAddress>yamamoto-shunsuke@pref.shimane.lg.jp</electronicMailAddress>
            <role>author</role>
        </associatedParty>
        <associatedParty>
            <individualName>
                <givenName>Koki</givenName>
                <surName>Yoshida</surName>
            </individualName>
            <organizationName>Fukushima Agricultural Technology Centre</organizationName>
            <address>
                <deliveryPoint>116 Aza Shimonakamichi, Takakura, Hiwada-machi</deliveryPoint>
                <city>Koriyama</city>
                <administrativeArea>Fukushima</administrativeArea>
                <postalCode>963-0531</postalCode>
                <country>JP</country>
            </address>
            <electronicMailAddress>yoshida_kouki_01@pref.fukushima.lg.jp</electronicMailAddress>
            <role>author</role>
        </associatedParty>
        <associatedParty>
            <individualName>
                <givenName>Tomoyuki</givenName>
                <surName>Yokoi</surName>
            </individualName>
            <organizationName>Faculty of Life and Environmental Sciences, University of Tsukuba</organizationName>
            <address>
                <deliveryPoint>1-1-1 Tennodai</deliveryPoint>
                <city>Tsukuba</city>
                <administrativeArea>Ibaraki</administrativeArea>
                <postalCode>305-8572</postalCode>
                <country>JP</country>
            </address>
            <electronicMailAddress>yokoi.tomoyuki.gp@u.tsukuba.ac.jp</electronicMailAddress>
            <userId directory="https://orcid.org/">0000-0003-2192-2568</userId>
            <role>author</role>
        </associatedParty>
        <associatedParty>
            <individualName>
                <givenName>Tsunashi</givenName>
                <surName>Kamo</surName>
            </individualName>
            <organizationName>Department of Business Development, National Agricultural Research Organization</organizationName>
            <address>
                <deliveryPoint>3-1-1 Kannondai</deliveryPoint>
                <city>Tsukuba</city>
                <administrativeArea>Ibaraki</administrativeArea>
                <postalCode>305-8517</postalCode>
                <country>JP</country>
            </address>
            <electronicMailAddress>tkamo@naro.affrc.go.jp</electronicMailAddress>
            <role>originator</role>
        </associatedParty>
        <pubDate>
            2025-01-09
        </pubDate>
        <language>eng</language>
        <abstract>
            <para>A series of monitoring of insects visiting crop flowers was conducted on several crop species around Japan. The project, which ran from 2017 to 2021, was led by NARO and funded by the Japanese Ministry of Agriculture, Forestry and Fisheries (MAFF) to determine the abundance and diversity of wild insects that could potentially contribute to crop production across Japan. Flower-visiting wild insects were captured using plastic vials during the blooming season at multiple sites for one to several years. Domesticated pollinators, &lt;i&gt;Apis mellifera&lt;/i&gt; and &lt;i&gt;Osmia cornifrons&lt;/i&gt; were also captured in 2017. This data includes more than 6,500 individuals of flying insects from 18 families of Hymenoptera, 33 families of Diptera, 17 families of Coleoptera, Hemiptera, Lepidoptera, Psocodea, and Neuroptera captured in 20 fields of apple (&lt;i&gt;Malus pumila&lt;/i&gt; Mill.), Japanese pear (&lt;i&gt;Pyrus pyrifolia&lt;/i&gt; (Burm.f.) Nakai), and Oriental persimmon (&lt;i&gt;Diospyros kaki&lt;/i&gt; Thunb.) as of August 2023.</para>
        </abstract>
        <keywordSet>
            <keyword>Samplingevent</keyword>
            <keywordThesaurus>GBIF Dataset Type Vocabulary: http://rs.gbif.org/vocabulary/gbif/dataset_type_2015-07-10.xml</keywordThesaurus>
        </keywordSet>
        <keywordSet>
            <keyword>Occurrence</keyword>
            <keyword>Captureing</keyword>
            <keyword>Insects</keyword>
            <keyword>Fruits</keyword>
            <keyword>Vegetables</keyword>
            <keyword>Pollinators</keyword>
            <keyword>Japan</keyword>
            <keywordThesaurus>n/a</keywordThesaurus>
        </keywordSet>
        <intellectualRights>
            <para>This work is licensed under a <ulink url="http://creativecommons.org/licenses/by-nc/4.0/legalcode"><citetitle>Creative Commons Attribution Non Commercial (CC-BY-NC 4.0) License</citetitle></ulink>.</para>
        </intellectualRights>
        <licensed>
            <licenseName>Creative Commons Attribution Non Commercial 4.0 International</licenseName>
            <url>https://spdx.org/licenses/CC-BY-NC-4.0.html</url>
            <identifier>CC-BY-NC-4.0</identifier>
        </licensed>
        <coverage>
            <geographicCoverage>
                <geographicDescription>Japan</geographicDescription>
                <boundingCoordinates>
                    <westBoundingCoordinate>-180</westBoundingCoordinate>
                    <eastBoundingCoordinate>180</eastBoundingCoordinate>
                    <northBoundingCoordinate>90</northBoundingCoordinate>
                    <southBoundingCoordinate>-90</southBoundingCoordinate>
                </boundingCoordinates>
            </geographicCoverage>
        </coverage>
        <maintenance>
            <description>
                <para></para>
            </description>
            <maintenanceUpdateFrequency>unkown</maintenanceUpdateFrequency>
        </maintenance>
        <contact>
            <individualName>
                <givenName>Shoko</givenName>
                <surName>Nakamura</surName>
            </individualName>
            <organizationName>Forestry and Forest Products Research Institute, Forest Research and Management Organization</organizationName>
            <positionName>Researcher</positionName>
            <address>
                <deliveryPoint>1833-81 Todori</deliveryPoint>
                <city>Hachioji</city>
                <administrativeArea>Tokyo</administrativeArea>
                <postalCode>193-0843</postalCode>
                <country>JP</country>
            </address>
            <electronicMailAddress>nakamuras1220@affrc.go.jp</electronicMailAddress>
            <electronicMailAddress>nakamurashoko58@gmail.com</electronicMailAddress>
            <userId directory="https://orcid.org/">0000-0002-9424-8773</userId>
        </contact>
        <contact>
            <individualName>
                <givenName>Aoi</givenName>
                <surName>Nikkeshi</surName>
            </individualName>
            <organizationName>Institute for Agro-Environmental Sciences, National Agriculture and Food Research Organization</organizationName>
            <positionName>Researcher</positionName>
            <address>
                <deliveryPoint>3-3-1 Kannondai</deliveryPoint>
                <city>Tsukuba</city>
                <administrativeArea>Ibaraki</administrativeArea>
                <postalCode>305-8604</postalCode>
                <country>JP</country>
            </address>
            <electronicMailAddress>nikkeshia456@affrc.go.jp</electronicMailAddress>
            <userId directory="https://orcid.org/">0000-0002-1821-7393</userId>
        </contact>
        <contact>
            <individualName>
                <givenName>Masatoshi</givenName>
                <surName>Toyama</surName>
            </individualName>
            <organizationName>Institute for Plant Protection, National Agriculture and Food Research Organization</organizationName>
            <address>
                <deliveryPoint>2-1 Fujimoto</deliveryPoint>
                <city>Tsukuba</city>
                <administrativeArea>Ibaraki</administrativeArea>
                <postalCode>305-8605</postalCode>
                <country>JP</country>
            </address>
            <userId directory="https://orcid.org/">0000-0003-0102-3266</userId>
        </contact>
        <contact>
            <individualName>
                <givenName>Hisatomo</givenName>
                <surName>Taki</surName>
            </individualName>
            <organizationName>Forestry and Forest Products Research Institute, Forest Research and Management Organization</organizationName>
            <address>
                <deliveryPoint>1 Matsunosato</deliveryPoint>
                <city>Tsukuba</city>
                <administrativeArea>Ibaraki</administrativeArea>
                <postalCode>305‑8687</postalCode>
                <country>JP</country>
            </address>
            <electronicMailAddress>htaki@affrc.go.jp</electronicMailAddress>
            <userId directory="https://orcid.org/">0000-0002-2399-0049</userId>
        </contact>
        <project id="JPJ006239">
            <title>Monitoring and enhancement of pollinators for crop production</title>
            <personnel>
                <individualName>
                    <givenName>Hiroyuki</givenName>
                    <surName>Shibaike</surName>
                </individualName>
                <role>principalInvestigator</role>
            </personnel>
            <abstract>
                <para>Declines in pollinating insects have been reported worldwide due to habitat modification and climate change. However, the information on the abundance and diversity of wild insects that contribute to crop production had been limited in Japan. In this project, insects that visited flowers of major Japanese crops were identified as potential pollinators, and methods for monitoring them were developed. The project was also aimed to develop a method to enhance pollination services through vegetation management. These will help establish a technological basis for utilizing the ecosystem services to contribute the sustainable agricultural production.</para>
            </abstract>
            <funding>
                <para>Ministry of Agriculture, Forestry and Fisheries, Japan</para>
            </funding>
            <studyAreaDescription>
                <descriptor name="generic"
                            citableClassificationSystem="false">
                    <descriptorValue>Experimental or private open fields of entomophilous crops in Japan</descriptorValue>
                </descriptor>
            </studyAreaDescription>
            <designDescription>
                <description>
                    <para>The surveys were conducted on the days of full bloom without rain at each site for one to several years, covering morning to afternoon. Flower-visiting insects were captured using 50-mL plastic vials by gently placing them over the insects while researchers walked around the sites. Captured insects were preserved individually in 99.5% ethanol or 98% propylene glycol with the information of sites, dates, and time periods within the day. Before capturing, researchers confirmed the access by the insects to the reproductive organs of the flowers, or that they entered the flowers from the front, representing a high likelihood of successful pollination.</para>
                </description>
            </designDescription>
        </project>
    </dataset>
    <additionalMetadata>
        <metadata>
            <gbif>
                <dateStamp>2023-09-01T11:35:03.633+09:00</dateStamp>
                <hierarchyLevel>dataset</hierarchyLevel>
                <collection>
                    <collectionName>Pollinators</collectionName>
                </collection>
                <specimenPreservationMethod>alcohol</specimenPreservationMethod>
                <dc:replaces>bbaca86c-f703-41fc-800a-fa301c0661fd/v1.3.xml</dc:replaces>
            </gbif>
        </metadata>
    </additionalMetadata>
</eml:eml>
