occurrenceID,eventID,surveyTargetID,organismQuantity,organismQuantityType,occurrenceStatus,vernacularName
occ_01,event_01,target_01,8,individuals,detected,beedrill
occ_02,event_01,target_01,1,individual,detected,butterfree
occ_03,event_01,,1,individual,detected,pikachu
occ_04,event_01,target_01,1,individual,detected,combee
occ_05,event_01,target_01,1,individual,detected,cutiefly
occ_06,event_01,target_01,1,individual,detected,beedrill
occ_07,event_01,target_01,1,individual,detected,beedrill
