mediaID,materialEntityID
AAV3FF_00001_01,AAV3FF_00001
AAV3FF_00002_01,AAV3FF_00002
AAV3FF_00003_01,AAV3FF_00003
AAV3FF_00004_01,AAV3FF_00004
AAV3FF_00005_01,AAV3FF_00005
AAV3FF_00006_01,AAV3FF_00006
AAV3FF_00007_01,AAV3FF_00007
AAV3FF_00008_01,AAV3FF_00008
AAV3FF_00009_01,AAV3FF_00009
AAV3FF_00012_01,AAV3FF_00012
AAV3FF_00112_01,AAV3FF_00112
AAV3FF_00113_01,AAV3FF_00113
AAV3FF_00114_01,AAV3FF_00114
AAV3FF_00115_01,AAV3FF_00115
AAV3FF_00116_01,AAV3FF_00116
AAV3FF_00117_01,AAV3FF_00117
AAV3FF_00118_01,AAV3FF_00118
AAV3FF_00119_01,AAV3FF_00119
AAV3FF_00120_01,AAV3FF_00120
AAV3FF_00121_01,AAV3FF_00121
AAV3FF_00123_01,AAV3FF_00123
AAV3FF_00124_01,AAV3FF_00124
AAV3FF_00125_01,AAV3FF_00125
AAV3FF_00126_01,AAV3FF_00126
AAV3FF_00139_01,AAV3FF_00139
AAV3FF_00140_01,AAV3FF_00140
AAV3FF_00141_01,AAV3FF_00141
AAV3FF_00142_01,AAV3FF_00142
AAV3FF_00143_01,AAV3FF_00143
AAV3FF_00144_01,AAV3FF_00144
AAV3FF_00145_01,AAV3FF_00145
AAV3FF_00146_01,AAV3FF_00146
AAV3FF_00147_01,AAV3FF_00147
AAV3FF_00148_01,AAV3FF_00148
AAV3FF_00149_01,AAV3FF_00149
AAV3FF_00150_01,AAV3FF_00150
AAV3FF_00151_01,AAV3FF_00151
AAV3FF_00154_01,AAV3FF_00154
AAV3FF_00155_01,AAV3FF_00155
AAV3FF_00156_01,AAV3FF_00156
AAV3FF_00157_01,AAV3FF_00157
AAV3FF_00158_01,AAV3FF_00158
AAV3FF_00159_01,AAV3FF_00159
AAV3FF_00160_01,AAV3FF_00160
AAV3FF_00161_01,AAV3FF_00161
AAV3FF_00162_01,AAV3FF_00162
AAV3FF_00163_01,AAV3FF_00163
AAV3FF_00164_01,AAV3FF_00164
AAV3FF_00165_01,AAV3FF_00165
AAV3FF_00166_01,AAV3FF_00166
AAV3FF_00167_01,AAV3FF_00167
AAV3FF_00168_01,AAV3FF_00168
AAV3FF_00169_01,AAV3FF_00169
AAV3FF_00170_01,AAV3FF_00170
AAV3FF_00171_01,AAV3FF_00171
AAV3FF_00172_01,AAV3FF_00172
AAV3FF_00174_01,AAV3FF_00174
AAV3FF_00175_01,AAV3FF_00175
AAV3FF_00176_01,AAV3FF_00176
AAV3FF_00178_01,AAV3FF_00178
AAV3FF_00181_01,AAV3FF_00181
AAV3FF_00182_01,AAV3FF_00182
AAV3FF_00183_01,AAV3FF_00183
AAV3FF_00184_01,AAV3FF_00184
AAV3FF_00185_01,AAV3FF_00185
AAV3FF_00196_01,AAV3FF_00196
AAV3FF_00198_01,AAV3FF_00198
AAV3FF_00199_01,AAV3FF_00199
AAV3FF_00204_01,AAV3FF_00204
AAV3FF_00205_01,AAV3FF_00205
AAV3FF_00206_01,AAV3FF_00206
AAV3FF_00207_01,AAV3FF_00207
AAV3FF_00208_01,AAV3FF_00208
AAV3FF_00209_01,AAV3FF_00209
AAV3FF_00210_01,AAV3FF_00210
AAV3FF_00211_01,AAV3FF_00211
AAV3FF_00212_01,AAV3FF_00212
AAV3FF_00213_01,AAV3FF_00213
AAV3FF_00214_01,AAV3FF_00214
AAV3FF_00215_01,AAV3FF_00215
AAV3FF_00216_01,AAV3FF_00216
AAV3FF_00217_01,AAV3FF_00217
AAV3FF_00219_01,AAV3FF_00219
AAV3FF_00221_01,AAV3FF_00221
AAV3FF_00224_01,AAV3FF_00224
AAV3FF_00227_01,AAV3FF_00227
AAV3FF_00228_01,AAV3FF_00228
AAV3FF_00229_01,AAV3FF_00229
AAV3FF_00230_01,AAV3FF_00230
AAV3FF_00231_01,AAV3FF_00231
AAV3FF_00232_01,AAV3FF_00232
AAV3FF_00233_01,AAV3FF_00233
AAV3FF_00234_01,AAV3FF_00234
AAV3FF_00235_01,AAV3FF_00235
AAV3FF_00236_01,AAV3FF_00236
AAV3FF_00237_01,AAV3FF_00237
AAV3FF_00238_01,AAV3FF_00238
AAV3FF_00239_01,AAV3FF_00239
AAV3FF_00240_01,AAV3FF_00240
AAV3FF_00241_01,AAV3FF_00241
AAV3FF_00244_01,AAV3FF_00244
AAV3FF_00247_01,AAV3FF_00247
AAV3FF_00248_01,AAV3FF_00248
AAV3FF_00249_01,AAV3FF_00249
AAV3FF_00250_01,AAV3FF_00250
AAV3FF_00251_01,AAV3FF_00251
AAV3FF_00252_01,AAV3FF_00252
AAV3FF_00253_01,AAV3FF_00253
AAV3FF_00254_01,AAV3FF_00254
AAV3FF_00255_01,AAV3FF_00255
AAV3FF_00256_01,AAV3FF_00256
AAV3FF_00257_01,AAV3FF_00257
AAV3FF_00258_01,AAV3FF_00258
AAV3FF_00259_01,AAV3FF_00259
AAV3FF_00260_01,AAV3FF_00260
AAV3FF_00261_01,AAV3FF_00261
AAV3FF_00262_01,AAV3FF_00262
AAV3FF_00263_01,AAV3FF_00263
AAV3FF_00264_01,AAV3FF_00264
AAV3FF_00265_01,AAV3FF_00265
AAV3FF_00266_01,AAV3FF_00266
AAV3FF_00267_01,AAV3FF_00267
AAV3FF_00268_01,AAV3FF_00268
AAV3FF_00269_01,AAV3FF_00269
AAV3FF_00270_01,AAV3FF_00270
AAV3FF_00271_01,AAV3FF_00271
AAV3FF_00272_01,AAV3FF_00272
AAV3FF_00273_01,AAV3FF_00273
AAV3FF_00274_01,AAV3FF_00274
AAV3FF_00275_01,AAV3FF_00275
AAV3FF_00276_01,AAV3FF_00276
AAV3FF_00277_01,AAV3FF_00277
AAV3FF_00278_01,AAV3FF_00278
AAV3FF_00279_01,AAV3FF_00279
AAV3FF_00281_01,AAV3FF_00281
AAV3FF_00282_01,AAV3FF_00282
AAV3FF_00283_01,AAV3FF_00283
AAV3FF_00284_01,AAV3FF_00284
AAV3FF_00285_01,AAV3FF_00285
AAV3FF_00286_01,AAV3FF_00286
AAV3FF_00287_01,AAV3FF_00287
AAV3FF_00288_01,AAV3FF_00288
AAV3FF_00289_01,AAV3FF_00289
AAV3FF_00290_01,AAV3FF_00290
AAV3FF_00291_01,AAV3FF_00291
AAV3FF_00292_01,AAV3FF_00292
AAV3FF_00293_01,AAV3FF_00293
AAV3FF_00294_01,AAV3FF_00294
AAV3FF_00295_01,AAV3FF_00295
AAV3FF_00296_01,AAV3FF_00296
AAV3FF_00297_01,AAV3FF_00297
AAV3FF_00298_01,AAV3FF_00298
AAV3FF_00299_01,AAV3FF_00299
AAV3FF_00300_01,AAV3FF_00300
AAV3FF_00301_01,AAV3FF_00301
AAV3FF_00302_01,AAV3FF_00302
AAV3FF_00303_01,AAV3FF_00303
AAV3FF_00304_01,AAV3FF_00304
AAV3FF_00305_01,AAV3FF_00305
AAV3FF_00306_01,AAV3FF_00306
AAV3FF_00307_01,AAV3FF_00307
AAV3FF_00308_01,AAV3FF_00308
AAV3FF_00309_01,AAV3FF_00309
AAV3FF_00310_01,AAV3FF_00310
AAV3FF_00311_01,AAV3FF_00311
AAV3FF_00312_01,AAV3FF_00312
AAV3FF_00313_01,AAV3FF_00313
AAV3FF_00314_01,AAV3FF_00314
AAV3FF_00315_01,AAV3FF_00315
AAV3FF_00326_01,AAV3FF_00326
AAV3FF_00327_01,AAV3FF_00327
AAV3FF_00328_01,AAV3FF_00328
AAV3FF_00329_01,AAV3FF_00329
AAV3FF_00330_01,AAV3FF_00330
AAV3FF_00331_01,AAV3FF_00331
AAV3FF_00332_01,AAV3FF_00332
AAV3FF_00333_01,AAV3FF_00333
AAV3FF_00334_01,AAV3FF_00334
AAV3FF_00335_01,AAV3FF_00335
AAV3FF_00336_01,AAV3FF_00336
AAV3FF_00337_01,AAV3FF_00337
AAV3FF_00338_01,AAV3FF_00338
AAV3FF_00341_01,AAV3FF_00341
AAV3FF_00347_01,AAV3FF_00347
AAV3FF_00348_01,AAV3FF_00348
AAV3FF_00350_01,AAV3FF_00350
AAV3FF_00352_01,AAV3FF_00352
AAV3FF_00353_01,AAV3FF_00353
AAV3FF_00354_01,AAV3FF_00354
AAV3FF_00356_01,AAV3FF_00356
AAV3FF_00358_01,AAV3FF_00358
AAV3FF_00359_01,AAV3FF_00359
AAV3FF_00360_01,AAV3FF_00360
AAV3FF_00361_01,AAV3FF_00361
AAV3FF_00362_01,AAV3FF_00362
AAV3FF_00363_01,AAV3FF_00363
AAV3FF_00364_01,AAV3FF_00364
AAV3FF_00365_01,AAV3FF_00365
AAV3FF_00366_01,AAV3FF_00366
AAV3FF_00367_01,AAV3FF_00367
AAV3FF_00368_01,AAV3FF_00368
AAV3FF_00369_01,AAV3FF_00369
AAV3FF_00370_01,AAV3FF_00370
AAV3FF_00371_01,AAV3FF_00371
AAV3FF_00372_01,AAV3FF_00372
AAV3FF_00373_01,AAV3FF_00373
AAV3FF_00374_01,AAV3FF_00374
AAV3FF_00375_01,AAV3FF_00375
AAV3FF_00376_01,AAV3FF_00376
AAV3FF_00377_01,AAV3FF_00377
AAV3FF_00378_01,AAV3FF_00378
AAV3FF_00379_01,AAV3FF_00379
AAV3FF_00380_01,AAV3FF_00380
AAV3FF_00381_01,AAV3FF_00381
AAV3FF_00382_01,AAV3FF_00382
