occurrenceID,eventID,surveyTargetID,recordedBy,recordedByID,organismQuantity,organismQuantityType,lifeStage,occurrenceStatus,verbatimIdentification,identifiedBy,identifiedByID,taxonID,scientificName,taxonRank
BROKE_WEST_RMT_007_RMT8_125471,BROKE_WEST_RMT_007_RMT8,BROKE_WEST_RMT_007_RMT8_125471,Anton Van de Putte,https://orcid.org/0000-0003-1336-5554,1,individual,,detected,Macrouridae,Anton Van de Putte,https://orcid.org/0000-0003-1336-5554,urn:lsid:marinespecies.org:taxname:125471,Macrouridae,Family
BROKE_WEST_RMT_008_RMT8_217697,BROKE_WEST_RMT_008_RMT8,BROKE_WEST_RMT_008_RMT8_217697,Anton Van de Putte,https://orcid.org/0000-0003-1336-5554,1,individual,,detected,Electrona antarctica all,Anton Van de Putte,https://orcid.org/0000-0003-1336-5554,urn:lsid:marinespecies.org:taxname:217697,Electrona antarctica,Species
BROKE_WEST_RMT_008_RMT8_217697_Larvae,BROKE_WEST_RMT_008_RMT8,BROKE_WEST_RMT_008_RMT8_217697_Larvae,Anton Van de Putte,https://orcid.org/0000-0003-1336-5554,1,individual,Larvae,detected,Electrona antarctica Larvae,Anton Van de Putte,https://orcid.org/0000-0003-1336-5554,urn:lsid:marinespecies.org:taxname:217697,Electrona antarctica,Species
BROKE_WEST_RMT_008_RMT8_234695,BROKE_WEST_RMT_008_RMT8,BROKE_WEST_RMT_008_RMT8_234695,Anton Van de Putte,https://orcid.org/0000-0003-1336-5554,1,individual,,detected,Notolepis coatsi,Anton Van de Putte,https://orcid.org/0000-0003-1336-5554,urn:lsid:marinespecies.org:taxname:234695,Notolepis coatsi,Species
BROKE_WEST_RMT_011_RMT8_234695,BROKE_WEST_RMT_011_RMT8,BROKE_WEST_RMT_011_RMT8_234695,Anton Van de Putte,https://orcid.org/0000-0003-1336-5554,2,individuals,,detected,Notolepis coatsi,Anton Van de Putte,https://orcid.org/0000-0003-1336-5554,urn:lsid:marinespecies.org:taxname:234695,Notolepis coatsi,Species
BROKE_WEST_RMT_011_RMT8_234721,BROKE_WEST_RMT_011_RMT8,BROKE_WEST_RMT_011_RMT8_234721,Anton Van de Putte,https://orcid.org/0000-0003-1336-5554,1,individual,,detected,Pleuragramma antarcticum,Anton Van de Putte,https://orcid.org/0000-0003-1336-5554,urn:lsid:marinespecies.org:taxname:234721,Pleuragramma antarcticum,Species
BROKE_WEST_RMT_017_RMT8_234695,BROKE_WEST_RMT_017_RMT8,BROKE_WEST_RMT_017_RMT8_234695,Anton Van de Putte,https://orcid.org/0000-0003-1336-5554,2,individuals,,detected,Notolepis coatsi,Anton Van de Putte,https://orcid.org/0000-0003-1336-5554,urn:lsid:marinespecies.org:taxname:234695,Notolepis coatsi,Species
BROKE_WEST_RMT_020_RMT8_234721,BROKE_WEST_RMT_020_RMT8,BROKE_WEST_RMT_020_RMT8_234721,Anton Van de Putte,https://orcid.org/0000-0003-1336-5554,1,individual,,detected,Pleuragramma antarcticum,Anton Van de Putte,https://orcid.org/0000-0003-1336-5554,urn:lsid:marinespecies.org:taxname:234721,Pleuragramma antarcticum,Species
BROKE_WEST_RMT_031_RMT8_217697,BROKE_WEST_RMT_031_RMT8,BROKE_WEST_RMT_031_RMT8_217697,Anton Van de Putte,https://orcid.org/0000-0003-1336-5554,4,individuals,,detected,Electrona antarctica all,Anton Van de Putte,https://orcid.org/0000-0003-1336-5554,urn:lsid:marinespecies.org:taxname:217697,Electrona antarctica,Species
BROKE_WEST_RMT_031_RMT8_217697_Larvae,BROKE_WEST_RMT_031_RMT8,BROKE_WEST_RMT_031_RMT8_217697_Larvae,Anton Van de Putte,https://orcid.org/0000-0003-1336-5554,4,individuals,Larvae,detected,Electrona antarctica Larvae,Anton Van de Putte,https://orcid.org/0000-0003-1336-5554,urn:lsid:marinespecies.org:taxname:217697,Electrona antarctica,Species
BROKE_WEST_RMT_031_RMT8_234695,BROKE_WEST_RMT_031_RMT8,BROKE_WEST_RMT_031_RMT8_234695,Anton Van de Putte,https://orcid.org/0000-0003-1336-5554,13,individuals,,detected,Notolepis coatsi,Anton Van de Putte,https://orcid.org/0000-0003-1336-5554,urn:lsid:marinespecies.org:taxname:234695,Notolepis coatsi,Species
BROKE_WEST_RMT_034_RMT8_217697,BROKE_WEST_RMT_034_RMT8,BROKE_WEST_RMT_034_RMT8_217697,Anton Van de Putte,https://orcid.org/0000-0003-1336-5554,4,individuals,,detected,Electrona antarctica all,Anton Van de Putte,https://orcid.org/0000-0003-1336-5554,urn:lsid:marinespecies.org:taxname:217697,Electrona antarctica,Species
BROKE_WEST_RMT_034_RMT8_217697_Larvae,BROKE_WEST_RMT_034_RMT8,BROKE_WEST_RMT_034_RMT8_217697_Larvae,Anton Van de Putte,https://orcid.org/0000-0003-1336-5554,4,individuals,Larvae,detected,Electrona antarctica Larvae,Anton Van de Putte,https://orcid.org/0000-0003-1336-5554,urn:lsid:marinespecies.org:taxname:217697,Electrona antarctica,Species
BROKE_WEST_RMT_034_RMT8_234695,BROKE_WEST_RMT_034_RMT8,BROKE_WEST_RMT_034_RMT8_234695,Anton Van de Putte,https://orcid.org/0000-0003-1336-5554,3,individuals,,detected,Notolepis coatsi,Anton Van de Putte,https://orcid.org/0000-0003-1336-5554,urn:lsid:marinespecies.org:taxname:234695,Notolepis coatsi,Species
BROKE_WEST_RMT_037_RMT8_217697,BROKE_WEST_RMT_037_RMT8,BROKE_WEST_RMT_037_RMT8_217697,Anton Van de Putte,https://orcid.org/0000-0003-1336-5554,15,individuals,,detected,Electrona antarctica all,Anton Van de Putte,https://orcid.org/0000-0003-1336-5554,urn:lsid:marinespecies.org:taxname:217697,Electrona antarctica,Species
BROKE_WEST_RMT_037_RMT8_217697_Larvae,BROKE_WEST_RMT_037_RMT8,BROKE_WEST_RMT_037_RMT8_217697_Larvae,Anton Van de Putte,https://orcid.org/0000-0003-1336-5554,13,individuals,Larvae,detected,Electrona antarctica Larvae,Anton Van de Putte,https://orcid.org/0000-0003-1336-5554,urn:lsid:marinespecies.org:taxname:217697,Electrona antarctica,Species
BROKE_WEST_RMT_037_RMT8_217697_Postmeta,BROKE_WEST_RMT_037_RMT8,BROKE_WEST_RMT_037_RMT8_217697_Postmeta,Anton Van de Putte,https://orcid.org/0000-0003-1336-5554,2,individuals,Postmeta,detected,Electrona antarctica  Postmeta,Anton Van de Putte,https://orcid.org/0000-0003-1336-5554,urn:lsid:marinespecies.org:taxname:217697,Electrona antarctica,Species
BROKE_WEST_RMT_037_RMT8_234695,BROKE_WEST_RMT_037_RMT8,BROKE_WEST_RMT_037_RMT8_234695,Anton Van de Putte,https://orcid.org/0000-0003-1336-5554,10,individuals,,detected,Notolepis coatsi,Anton Van de Putte,https://orcid.org/0000-0003-1336-5554,urn:lsid:marinespecies.org:taxname:234695,Notolepis coatsi,Species
BROKE_WEST_RMT_038_RMT8_217697,BROKE_WEST_RMT_038_RMT8,BROKE_WEST_RMT_038_RMT8_217697,Anton Van de Putte,https://orcid.org/0000-0003-1336-5554,2,individuals,,detected,Electrona antarctica all,Anton Van de Putte,https://orcid.org/0000-0003-1336-5554,urn:lsid:marinespecies.org:taxname:217697,Electrona antarctica,Species
BROKE_WEST_RMT_038_RMT8_217697_Larvae,BROKE_WEST_RMT_038_RMT8,BROKE_WEST_RMT_038_RMT8_217697_Larvae,Anton Van de Putte,https://orcid.org/0000-0003-1336-5554,2,individuals,Larvae,detected,Electrona antarctica Larvae,Anton Van de Putte,https://orcid.org/0000-0003-1336-5554,urn:lsid:marinespecies.org:taxname:217697,Electrona antarctica,Species
BROKE_WEST_RMT_038_RMT8_234695,BROKE_WEST_RMT_038_RMT8,BROKE_WEST_RMT_038_RMT8_234695,Anton Van de Putte,https://orcid.org/0000-0003-1336-5554,6,individuals,,detected,Notolepis coatsi,Anton Van de Putte,https://orcid.org/0000-0003-1336-5554,urn:lsid:marinespecies.org:taxname:234695,Notolepis coatsi,Species
BROKE_WEST_RMT_039_RMT8_217697,BROKE_WEST_RMT_039_RMT8,BROKE_WEST_RMT_039_RMT8_217697,Anton Van de Putte,https://orcid.org/0000-0003-1336-5554,2,individuals,,detected,Electrona antarctica all,Anton Van de Putte,https://orcid.org/0000-0003-1336-5554,urn:lsid:marinespecies.org:taxname:217697,Electrona antarctica,Species
BROKE_WEST_RMT_039_RMT8_217697_Larvae,BROKE_WEST_RMT_039_RMT8,BROKE_WEST_RMT_039_RMT8_217697_Larvae,Anton Van de Putte,https://orcid.org/0000-0003-1336-5554,2,individuals,Larvae,detected,Electrona antarctica Larvae,Anton Van de Putte,https://orcid.org/0000-0003-1336-5554,urn:lsid:marinespecies.org:taxname:217697,Electrona antarctica,Species
BROKE_WEST_RMT_042_RMT8_217697,BROKE_WEST_RMT_042_RMT8,BROKE_WEST_RMT_042_RMT8_217697,Anton Van de Putte,https://orcid.org/0000-0003-1336-5554,3,individuals,,detected,Electrona antarctica all,Anton Van de Putte,https://orcid.org/0000-0003-1336-5554,urn:lsid:marinespecies.org:taxname:217697,Electrona antarctica,Species
BROKE_WEST_RMT_042_RMT8_217697_Larvae,BROKE_WEST_RMT_042_RMT8,BROKE_WEST_RMT_042_RMT8_217697_Larvae,Anton Van de Putte,https://orcid.org/0000-0003-1336-5554,3,individuals,Larvae,detected,Electrona antarctica Larvae,Anton Van de Putte,https://orcid.org/0000-0003-1336-5554,urn:lsid:marinespecies.org:taxname:217697,Electrona antarctica,Species
BROKE_WEST_RMT_042_RMT8_234695,BROKE_WEST_RMT_042_RMT8,BROKE_WEST_RMT_042_RMT8_234695,Anton Van de Putte,https://orcid.org/0000-0003-1336-5554,2,individuals,,detected,Notolepis coatsi,Anton Van de Putte,https://orcid.org/0000-0003-1336-5554,urn:lsid:marinespecies.org:taxname:234695,Notolepis coatsi,Species
BROKE_WEST_RMT_042_RMT8_234800,BROKE_WEST_RMT_042_RMT8,BROKE_WEST_RMT_042_RMT8_234800,Anton Van de Putte,https://orcid.org/0000-0003-1336-5554,1,individual,,detected,Gymnodraco acuticeps,Anton Van de Putte,https://orcid.org/0000-0003-1336-5554,urn:lsid:marinespecies.org:taxname:234800,Gymnodraco acuticeps,Species
BROKE_WEST_RMT_042_RMT8_1,BROKE_WEST_RMT_042_RMT8,BROKE_WEST_RMT_042_RMT8_1,Anton Van de Putte,https://orcid.org/0000-0003-1336-5554,1,individual,,detected,Biota sp.,Anton Van de Putte,https://orcid.org/0000-0003-1336-5554,urn:lsid:marinespecies.org:taxname:1,Biota,Superdomain
BROKE_WEST_RMT_043_RMT8_234721,BROKE_WEST_RMT_043_RMT8,BROKE_WEST_RMT_043_RMT8_234721,Anton Van de Putte,https://orcid.org/0000-0003-1336-5554,5,individuals,,detected,Pleuragramma antarcticum,Anton Van de Putte,https://orcid.org/0000-0003-1336-5554,urn:lsid:marinespecies.org:taxname:234721,Pleuragramma antarcticum,Species
BROKE_WEST_RMT_044_RMT8_234777,BROKE_WEST_RMT_044_RMT8,BROKE_WEST_RMT_044_RMT8_234777,Anton Van de Putte,https://orcid.org/0000-0003-1336-5554,1,individual,,detected,Prionodraco evansii,Anton Van de Putte,https://orcid.org/0000-0003-1336-5554,urn:lsid:marinespecies.org:taxname:234777,Prionodraco evansii,Species
BROKE_WEST_RMT_050_RMT8_217697,BROKE_WEST_RMT_050_RMT8,BROKE_WEST_RMT_050_RMT8_217697,Anton Van de Putte,https://orcid.org/0000-0003-1336-5554,7,individuals,,detected,Electrona antarctica all,Anton Van de Putte,https://orcid.org/0000-0003-1336-5554,urn:lsid:marinespecies.org:taxname:217697,Electrona antarctica,Species
BROKE_WEST_RMT_050_RMT8_217697_Larvae,BROKE_WEST_RMT_050_RMT8,BROKE_WEST_RMT_050_RMT8_217697_Larvae,Anton Van de Putte,https://orcid.org/0000-0003-1336-5554,5,individuals,Larvae,detected,Electrona antarctica Larvae,Anton Van de Putte,https://orcid.org/0000-0003-1336-5554,urn:lsid:marinespecies.org:taxname:217697,Electrona antarctica,Species
BROKE_WEST_RMT_050_RMT8_217697_Postmeta,BROKE_WEST_RMT_050_RMT8,BROKE_WEST_RMT_050_RMT8_217697_Postmeta,Anton Van de Putte,https://orcid.org/0000-0003-1336-5554,2,individuals,Postmeta,detected,Electrona antarctica  Postmeta,Anton Van de Putte,https://orcid.org/0000-0003-1336-5554,urn:lsid:marinespecies.org:taxname:217697,Electrona antarctica,Species
BROKE_WEST_RMT_050_RMT8_234714,BROKE_WEST_RMT_050_RMT8,BROKE_WEST_RMT_050_RMT8_234714,Anton Van de Putte,https://orcid.org/0000-0003-1336-5554,1,individual,,detected,Protomyctophum bolini,Anton Van de Putte,https://orcid.org/0000-0003-1336-5554,urn:lsid:marinespecies.org:taxname:234714,Protomyctophum bolini,Species
BROKE_WEST_RMT_050_RMT8_234695,BROKE_WEST_RMT_050_RMT8,BROKE_WEST_RMT_050_RMT8_234695,Anton Van de Putte,https://orcid.org/0000-0003-1336-5554,2,individuals,,detected,Notolepis coatsi,Anton Van de Putte,https://orcid.org/0000-0003-1336-5554,urn:lsid:marinespecies.org:taxname:234695,Notolepis coatsi,Species
BROKE_WEST_RMT_051_RMT8_217697,BROKE_WEST_RMT_051_RMT8,BROKE_WEST_RMT_051_RMT8_217697,Anton Van de Putte,https://orcid.org/0000-0003-1336-5554,28,individuals,,detected,Electrona antarctica all,Anton Van de Putte,https://orcid.org/0000-0003-1336-5554,urn:lsid:marinespecies.org:taxname:217697,Electrona antarctica,Species
BROKE_WEST_RMT_051_RMT8_217697_Larvae,BROKE_WEST_RMT_051_RMT8,BROKE_WEST_RMT_051_RMT8_217697_Larvae,Anton Van de Putte,https://orcid.org/0000-0003-1336-5554,28,individuals,Larvae,detected,Electrona antarctica Larvae,Anton Van de Putte,https://orcid.org/0000-0003-1336-5554,urn:lsid:marinespecies.org:taxname:217697,Electrona antarctica,Species
BROKE_WEST_RMT_051_RMT8_234695,BROKE_WEST_RMT_051_RMT8,BROKE_WEST_RMT_051_RMT8_234695,Anton Van de Putte,https://orcid.org/0000-0003-1336-5554,12,individuals,,detected,Notolepis coatsi,Anton Van de Putte,https://orcid.org/0000-0003-1336-5554,urn:lsid:marinespecies.org:taxname:234695,Notolepis coatsi,Species
BROKE_WEST_RMT_052_RMT8_234621,BROKE_WEST_RMT_052_RMT8,BROKE_WEST_RMT_052_RMT8_234621,Anton Van de Putte,https://orcid.org/0000-0003-1336-5554,1,individual,,detected,Artedidraco skottsbergi,Anton Van de Putte,https://orcid.org/0000-0003-1336-5554,urn:lsid:marinespecies.org:taxname:234621,Artedidraco skottsbergi,Species
BROKE_WEST_RMT_053_RMT8_217697,BROKE_WEST_RMT_053_RMT8,BROKE_WEST_RMT_053_RMT8_217697,Anton Van de Putte,https://orcid.org/0000-0003-1336-5554,7,individuals,,detected,Electrona antarctica all,Anton Van de Putte,https://orcid.org/0000-0003-1336-5554,urn:lsid:marinespecies.org:taxname:217697,Electrona antarctica,Species
BROKE_WEST_RMT_053_RMT8_217697_Postmeta,BROKE_WEST_RMT_053_RMT8,BROKE_WEST_RMT_053_RMT8_217697_Postmeta,Anton Van de Putte,https://orcid.org/0000-0003-1336-5554,7,individuals,Postmeta,detected,Electrona antarctica  Postmeta,Anton Van de Putte,https://orcid.org/0000-0003-1336-5554,urn:lsid:marinespecies.org:taxname:217697,Electrona antarctica,Species
BROKE_WEST_RMT_055_RMT8_234695,BROKE_WEST_RMT_055_RMT8,BROKE_WEST_RMT_055_RMT8_234695,Anton Van de Putte,https://orcid.org/0000-0003-1336-5554,1,individual,,detected,Notolepis coatsi,Anton Van de Putte,https://orcid.org/0000-0003-1336-5554,urn:lsid:marinespecies.org:taxname:234695,Notolepis coatsi,Species
BROKE_WEST_RMT_059_RMT8_234808,BROKE_WEST_RMT_059_RMT8,BROKE_WEST_RMT_059_RMT8_234808,Anton Van de Putte,https://orcid.org/0000-0003-1336-5554,1,individual,,detected,Gerlachea australis,Anton Van de Putte,https://orcid.org/0000-0003-1336-5554,urn:lsid:marinespecies.org:taxname:234808,Gerlachea australis,Species
BROKE_WEST_RMT_059_RMT8_234800,BROKE_WEST_RMT_059_RMT8,BROKE_WEST_RMT_059_RMT8_234800,Anton Van de Putte,https://orcid.org/0000-0003-1336-5554,1,individual,,detected,Gymnodraco acuticeps,Anton Van de Putte,https://orcid.org/0000-0003-1336-5554,urn:lsid:marinespecies.org:taxname:234800,Gymnodraco acuticeps,Species
BROKE_WEST_RMT_059_RMT8_234721,BROKE_WEST_RMT_059_RMT8,BROKE_WEST_RMT_059_RMT8_234721,Anton Van de Putte,https://orcid.org/0000-0003-1336-5554,5,individuals,,detected,Pleuragramma antarcticum,Anton Van de Putte,https://orcid.org/0000-0003-1336-5554,urn:lsid:marinespecies.org:taxname:234721,Pleuragramma antarcticum,Species
BROKE_WEST_RMT_061_RMT8_217697,BROKE_WEST_RMT_061_RMT8,BROKE_WEST_RMT_061_RMT8_217697,Anton Van de Putte,https://orcid.org/0000-0003-1336-5554,1,individual,,detected,Electrona antarctica all,Anton Van de Putte,https://orcid.org/0000-0003-1336-5554,urn:lsid:marinespecies.org:taxname:217697,Electrona antarctica,Species
BROKE_WEST_RMT_061_RMT8_217697_Larvae,BROKE_WEST_RMT_061_RMT8,BROKE_WEST_RMT_061_RMT8_217697_Larvae,Anton Van de Putte,https://orcid.org/0000-0003-1336-5554,1,individual,Larvae,detected,Electrona antarctica Larvae,Anton Van de Putte,https://orcid.org/0000-0003-1336-5554,urn:lsid:marinespecies.org:taxname:217697,Electrona antarctica,Species
BROKE_WEST_RMT_066_RMT8_1,BROKE_WEST_RMT_066_RMT8,BROKE_WEST_RMT_066_RMT8_1,Anton Van de Putte,https://orcid.org/0000-0003-1336-5554,1,individual,,detected,Biota sp.,Anton Van de Putte,https://orcid.org/0000-0003-1336-5554,urn:lsid:marinespecies.org:taxname:1,Biota,Superdomain
BROKE_WEST_RMT_069_RMT8_217697,BROKE_WEST_RMT_069_RMT8,BROKE_WEST_RMT_069_RMT8_217697,Anton Van de Putte,https://orcid.org/0000-0003-1336-5554,5,individuals,,detected,Electrona antarctica all,Anton Van de Putte,https://orcid.org/0000-0003-1336-5554,urn:lsid:marinespecies.org:taxname:217697,Electrona antarctica,Species
BROKE_WEST_RMT_069_RMT8_217697_Larvae,BROKE_WEST_RMT_069_RMT8,BROKE_WEST_RMT_069_RMT8_217697_Larvae,Anton Van de Putte,https://orcid.org/0000-0003-1336-5554,5,individuals,Larvae,detected,Electrona antarctica Larvae,Anton Van de Putte,https://orcid.org/0000-0003-1336-5554,urn:lsid:marinespecies.org:taxname:217697,Electrona antarctica,Species
BROKE_WEST_RMT_069_RMT8_234695,BROKE_WEST_RMT_069_RMT8,BROKE_WEST_RMT_069_RMT8_234695,Anton Van de Putte,https://orcid.org/0000-0003-1336-5554,2,individuals,,detected,Notolepis coatsi,Anton Van de Putte,https://orcid.org/0000-0003-1336-5554,urn:lsid:marinespecies.org:taxname:234695,Notolepis coatsi,Species
BROKE_WEST_RMT_072_RMT8_217697,BROKE_WEST_RMT_072_RMT8,BROKE_WEST_RMT_072_RMT8_217697,Anton Van de Putte,https://orcid.org/0000-0003-1336-5554,1,individual,,detected,Electrona antarctica all,Anton Van de Putte,https://orcid.org/0000-0003-1336-5554,urn:lsid:marinespecies.org:taxname:217697,Electrona antarctica,Species
BROKE_WEST_RMT_072_RMT8_217697_Larvae,BROKE_WEST_RMT_072_RMT8,BROKE_WEST_RMT_072_RMT8_217697_Larvae,Anton Van de Putte,https://orcid.org/0000-0003-1336-5554,1,individual,Larvae,detected,Electrona antarctica Larvae,Anton Van de Putte,https://orcid.org/0000-0003-1336-5554,urn:lsid:marinespecies.org:taxname:217697,Electrona antarctica,Species
BROKE_WEST_RMT_077_RMT8_234695,BROKE_WEST_RMT_077_RMT8,BROKE_WEST_RMT_077_RMT8_234695,Anton Van de Putte,https://orcid.org/0000-0003-1336-5554,1,individual,,detected,Notolepis coatsi,Anton Van de Putte,https://orcid.org/0000-0003-1336-5554,urn:lsid:marinespecies.org:taxname:234695,Notolepis coatsi,Species
BROKE_WEST_RMT_077_RMT8_234721,BROKE_WEST_RMT_077_RMT8,BROKE_WEST_RMT_077_RMT8_234721,Anton Van de Putte,https://orcid.org/0000-0003-1336-5554,1,individual,,detected,Pleuragramma antarcticum,Anton Van de Putte,https://orcid.org/0000-0003-1336-5554,urn:lsid:marinespecies.org:taxname:234721,Pleuragramma antarcticum,Species
BROKE_WEST_RMT_079_RMT8_217697,BROKE_WEST_RMT_079_RMT8,BROKE_WEST_RMT_079_RMT8_217697,Anton Van de Putte,https://orcid.org/0000-0003-1336-5554,2,individuals,,detected,Electrona antarctica all,Anton Van de Putte,https://orcid.org/0000-0003-1336-5554,urn:lsid:marinespecies.org:taxname:217697,Electrona antarctica,Species
BROKE_WEST_RMT_079_RMT8_217697_Postmeta,BROKE_WEST_RMT_079_RMT8,BROKE_WEST_RMT_079_RMT8_217697_Postmeta,Anton Van de Putte,https://orcid.org/0000-0003-1336-5554,2,individuals,Postmeta,detected,Electrona antarctica  Postmeta,Anton Van de Putte,https://orcid.org/0000-0003-1336-5554,urn:lsid:marinespecies.org:taxname:217697,Electrona antarctica,Species
BROKE_WEST_RMT_081_RMT8_234582,BROKE_WEST_RMT_081_RMT8,BROKE_WEST_RMT_081_RMT8_234582,Anton Van de Putte,https://orcid.org/0000-0003-1336-5554,1,individual,,detected,Chionodraco sp.,Anton Van de Putte,https://orcid.org/0000-0003-1336-5554,urn:lsid:marinespecies.org:taxname:234582,Chionodraco,Genus
BROKE_WEST_RMT_087_RMT8_217697,BROKE_WEST_RMT_087_RMT8,BROKE_WEST_RMT_087_RMT8_217697,Anton Van de Putte,https://orcid.org/0000-0003-1336-5554,2,individuals,,detected,Electrona antarctica all,Anton Van de Putte,https://orcid.org/0000-0003-1336-5554,urn:lsid:marinespecies.org:taxname:217697,Electrona antarctica,Species
BROKE_WEST_RMT_087_RMT8_217697_Larvae,BROKE_WEST_RMT_087_RMT8,BROKE_WEST_RMT_087_RMT8_217697_Larvae,Anton Van de Putte,https://orcid.org/0000-0003-1336-5554,2,individuals,Larvae,detected,Electrona antarctica Larvae,Anton Van de Putte,https://orcid.org/0000-0003-1336-5554,urn:lsid:marinespecies.org:taxname:217697,Electrona antarctica,Species
BROKE_WEST_RMT_087_RMT8_234695,BROKE_WEST_RMT_087_RMT8,BROKE_WEST_RMT_087_RMT8_234695,Anton Van de Putte,https://orcid.org/0000-0003-1336-5554,2,individuals,,detected,Notolepis coatsi,Anton Van de Putte,https://orcid.org/0000-0003-1336-5554,urn:lsid:marinespecies.org:taxname:234695,Notolepis coatsi,Species
BROKE_WEST_RMT_093_RMT8_217697,BROKE_WEST_RMT_093_RMT8,BROKE_WEST_RMT_093_RMT8_217697,Anton Van de Putte,https://orcid.org/0000-0003-1336-5554,4,individuals,,detected,Electrona antarctica all,Anton Van de Putte,https://orcid.org/0000-0003-1336-5554,urn:lsid:marinespecies.org:taxname:217697,Electrona antarctica,Species
BROKE_WEST_RMT_093_RMT8_217697_Larvae,BROKE_WEST_RMT_093_RMT8,BROKE_WEST_RMT_093_RMT8_217697_Larvae,Anton Van de Putte,https://orcid.org/0000-0003-1336-5554,4,individuals,Larvae,detected,Electrona antarctica Larvae,Anton Van de Putte,https://orcid.org/0000-0003-1336-5554,urn:lsid:marinespecies.org:taxname:217697,Electrona antarctica,Species
BROKE_WEST_RMT_093_RMT8_234695,BROKE_WEST_RMT_093_RMT8,BROKE_WEST_RMT_093_RMT8_234695,Anton Van de Putte,https://orcid.org/0000-0003-1336-5554,7,individuals,,detected,Notolepis coatsi,Anton Van de Putte,https://orcid.org/0000-0003-1336-5554,urn:lsid:marinespecies.org:taxname:234695,Notolepis coatsi,Species
BROKE_WEST_RMT_097_RMT8_217697,BROKE_WEST_RMT_097_RMT8,BROKE_WEST_RMT_097_RMT8_217697,Anton Van de Putte,https://orcid.org/0000-0003-1336-5554,1,individual,,detected,Electrona antarctica all,Anton Van de Putte,https://orcid.org/0000-0003-1336-5554,urn:lsid:marinespecies.org:taxname:217697,Electrona antarctica,Species
BROKE_WEST_RMT_097_RMT8_217697_Postmeta,BROKE_WEST_RMT_097_RMT8,BROKE_WEST_RMT_097_RMT8_217697_Postmeta,Anton Van de Putte,https://orcid.org/0000-0003-1336-5554,1,individual,Postmeta,detected,Electrona antarctica  Postmeta,Anton Van de Putte,https://orcid.org/0000-0003-1336-5554,urn:lsid:marinespecies.org:taxname:217697,Electrona antarctica,Species
BROKE_WEST_RMT_097_RMT8_234695,BROKE_WEST_RMT_097_RMT8,BROKE_WEST_RMT_097_RMT8_234695,Anton Van de Putte,https://orcid.org/0000-0003-1336-5554,9,individuals,,detected,Notolepis coatsi,Anton Van de Putte,https://orcid.org/0000-0003-1336-5554,urn:lsid:marinespecies.org:taxname:234695,Notolepis coatsi,Species
BROKE_WEST_RMT_098_RMT8_234695,BROKE_WEST_RMT_098_RMT8,BROKE_WEST_RMT_098_RMT8_234695,Anton Van de Putte,https://orcid.org/0000-0003-1336-5554,3,individuals,,detected,Notolepis coatsi,Anton Van de Putte,https://orcid.org/0000-0003-1336-5554,urn:lsid:marinespecies.org:taxname:234695,Notolepis coatsi,Species
BROKE_WEST_RMT_101_RMT8_217697,BROKE_WEST_RMT_101_RMT8,BROKE_WEST_RMT_101_RMT8_217697,Anton Van de Putte,https://orcid.org/0000-0003-1336-5554,7,individuals,,detected,Electrona antarctica all,Anton Van de Putte,https://orcid.org/0000-0003-1336-5554,urn:lsid:marinespecies.org:taxname:217697,Electrona antarctica,Species
BROKE_WEST_RMT_101_RMT8_217697_Postmeta,BROKE_WEST_RMT_101_RMT8,BROKE_WEST_RMT_101_RMT8_217697_Postmeta,Anton Van de Putte,https://orcid.org/0000-0003-1336-5554,7,individuals,Postmeta,detected,Electrona antarctica  Postmeta,Anton Van de Putte,https://orcid.org/0000-0003-1336-5554,urn:lsid:marinespecies.org:taxname:217697,Electrona antarctica,Species
BROKE_WEST_RMT_101_RMT8_234695,BROKE_WEST_RMT_101_RMT8,BROKE_WEST_RMT_101_RMT8_234695,Anton Van de Putte,https://orcid.org/0000-0003-1336-5554,2,individuals,,detected,Notolepis coatsi,Anton Van de Putte,https://orcid.org/0000-0003-1336-5554,urn:lsid:marinespecies.org:taxname:234695,Notolepis coatsi,Species
BROKE_WEST_RMT_102_RMT8_234695,BROKE_WEST_RMT_102_RMT8,BROKE_WEST_RMT_102_RMT8_234695,Anton Van de Putte,https://orcid.org/0000-0003-1336-5554,1,individual,,detected,Notolepis coatsi,Anton Van de Putte,https://orcid.org/0000-0003-1336-5554,urn:lsid:marinespecies.org:taxname:234695,Notolepis coatsi,Species
BROKE_WEST_RMT_102_RMT8_234552,BROKE_WEST_RMT_102_RMT8,BROKE_WEST_RMT_102_RMT8_234552,Anton Van de Putte,https://orcid.org/0000-0003-1336-5554,1,individual,,detected,Bathydraco sp.,Anton Van de Putte,https://orcid.org/0000-0003-1336-5554,urn:lsid:marinespecies.org:taxname:234552,Bathydraco,Genus
BROKE_WEST_RMT_105_RMT8_234730,BROKE_WEST_RMT_105_RMT8,BROKE_WEST_RMT_105_RMT8_234730,Anton Van de Putte,https://orcid.org/0000-0003-1336-5554,1,individual,,detected,Pogonophryne marmorata,Anton Van de Putte,https://orcid.org/0000-0003-1336-5554,urn:lsid:marinespecies.org:taxname:234730,Pogonophryne marmorata,Species
BROKE_WEST_RMT_105_RMT8_234800,BROKE_WEST_RMT_105_RMT8,BROKE_WEST_RMT_105_RMT8_234800,Anton Van de Putte,https://orcid.org/0000-0003-1336-5554,1,individual,,detected,Gymnodraco acuticeps,Anton Van de Putte,https://orcid.org/0000-0003-1336-5554,urn:lsid:marinespecies.org:taxname:234800,Gymnodraco acuticeps,Species
BROKE_WEST_RMT_105_RMT8_234582,BROKE_WEST_RMT_105_RMT8,BROKE_WEST_RMT_105_RMT8_234582,Anton Van de Putte,https://orcid.org/0000-0003-1336-5554,1,individual,,detected,Chionodraco sp.,Anton Van de Putte,https://orcid.org/0000-0003-1336-5554,urn:lsid:marinespecies.org:taxname:234582,Chionodraco,Genus
BROKE_WEST_RMT_105_RMT8_1621601,BROKE_WEST_RMT_105_RMT8,BROKE_WEST_RMT_105_RMT8_1621601,Anton Van de Putte,https://orcid.org/0000-0003-1336-5554,1,individual,,detected,Pagetopsis maculatus,Anton Van de Putte,https://orcid.org/0000-0003-1336-5554,urn:lsid:marinespecies.org:taxname:1621601,Pagetopsis maculatus,Species
BROKE_WEST_RMT_105_RMT8_234721,BROKE_WEST_RMT_105_RMT8,BROKE_WEST_RMT_105_RMT8_234721,Anton Van de Putte,https://orcid.org/0000-0003-1336-5554,3,individuals,,detected,Pleuragramma antarcticum,Anton Van de Putte,https://orcid.org/0000-0003-1336-5554,urn:lsid:marinespecies.org:taxname:234721,Pleuragramma antarcticum,Species
BROKE_WEST_RMT_105_RMT8_234566,BROKE_WEST_RMT_105_RMT8,BROKE_WEST_RMT_105_RMT8_234566,Anton Van de Putte,https://orcid.org/0000-0003-1336-5554,1,individual,,detected,Trematomus sp.,Anton Van de Putte,https://orcid.org/0000-0003-1336-5554,urn:lsid:marinespecies.org:taxname:234566,Trematomus,Genus
BROKE_WEST_RMT_110_RMT8_217697,BROKE_WEST_RMT_110_RMT8,BROKE_WEST_RMT_110_RMT8_217697,Anton Van de Putte,https://orcid.org/0000-0003-1336-5554,11,individuals,,detected,Electrona antarctica all,Anton Van de Putte,https://orcid.org/0000-0003-1336-5554,urn:lsid:marinespecies.org:taxname:217697,Electrona antarctica,Species
BROKE_WEST_RMT_110_RMT8_217697_Larvae,BROKE_WEST_RMT_110_RMT8,BROKE_WEST_RMT_110_RMT8_217697_Larvae,Anton Van de Putte,https://orcid.org/0000-0003-1336-5554,11,individuals,Larvae,detected,Electrona antarctica Larvae,Anton Van de Putte,https://orcid.org/0000-0003-1336-5554,urn:lsid:marinespecies.org:taxname:217697,Electrona antarctica,Species
BROKE_WEST_RMT_110_RMT8_234695,BROKE_WEST_RMT_110_RMT8,BROKE_WEST_RMT_110_RMT8_234695,Anton Van de Putte,https://orcid.org/0000-0003-1336-5554,1,individual,,detected,Notolepis coatsi,Anton Van de Putte,https://orcid.org/0000-0003-1336-5554,urn:lsid:marinespecies.org:taxname:234695,Notolepis coatsi,Species
BROKE_WEST_RMT_112_RMT8_217697,BROKE_WEST_RMT_112_RMT8,BROKE_WEST_RMT_112_RMT8_217697,Anton Van de Putte,https://orcid.org/0000-0003-1336-5554,1,individual,,detected,Electrona antarctica all,Anton Van de Putte,https://orcid.org/0000-0003-1336-5554,urn:lsid:marinespecies.org:taxname:217697,Electrona antarctica,Species
BROKE_WEST_RMT_112_RMT8_217697_Postmeta,BROKE_WEST_RMT_112_RMT8,BROKE_WEST_RMT_112_RMT8_217697_Postmeta,Anton Van de Putte,https://orcid.org/0000-0003-1336-5554,1,individual,Postmeta,detected,Electrona antarctica  Postmeta,Anton Van de Putte,https://orcid.org/0000-0003-1336-5554,urn:lsid:marinespecies.org:taxname:217697,Electrona antarctica,Species
BROKE_WEST_RMT_112_RMT8_234695,BROKE_WEST_RMT_112_RMT8,BROKE_WEST_RMT_112_RMT8_234695,Anton Van de Putte,https://orcid.org/0000-0003-1336-5554,2,individuals,,detected,Notolepis coatsi,Anton Van de Putte,https://orcid.org/0000-0003-1336-5554,urn:lsid:marinespecies.org:taxname:234695,Notolepis coatsi,Species
BROKE_WEST_RMT_114_RMT8_217697,BROKE_WEST_RMT_114_RMT8,BROKE_WEST_RMT_114_RMT8_217697,Anton Van de Putte,https://orcid.org/0000-0003-1336-5554,2,individuals,,detected,Electrona antarctica all,Anton Van de Putte,https://orcid.org/0000-0003-1336-5554,urn:lsid:marinespecies.org:taxname:217697,Electrona antarctica,Species
BROKE_WEST_RMT_114_RMT8_217697_Larvae,BROKE_WEST_RMT_114_RMT8,BROKE_WEST_RMT_114_RMT8_217697_Larvae,Anton Van de Putte,https://orcid.org/0000-0003-1336-5554,2,individuals,Larvae,detected,Electrona antarctica Larvae,Anton Van de Putte,https://orcid.org/0000-0003-1336-5554,urn:lsid:marinespecies.org:taxname:217697,Electrona antarctica,Species
BROKE_WEST_RMT_114_RMT8_234695,BROKE_WEST_RMT_114_RMT8,BROKE_WEST_RMT_114_RMT8_234695,Anton Van de Putte,https://orcid.org/0000-0003-1336-5554,2,individuals,,detected,Notolepis coatsi,Anton Van de Putte,https://orcid.org/0000-0003-1336-5554,urn:lsid:marinespecies.org:taxname:234695,Notolepis coatsi,Species
BROKE_WEST_RMT_115_RMT8_217697,BROKE_WEST_RMT_115_RMT8,BROKE_WEST_RMT_115_RMT8_217697,Anton Van de Putte,https://orcid.org/0000-0003-1336-5554,10,individuals,,detected,Electrona antarctica all,Anton Van de Putte,https://orcid.org/0000-0003-1336-5554,urn:lsid:marinespecies.org:taxname:217697,Electrona antarctica,Species
BROKE_WEST_RMT_115_RMT8_217697_Larvae,BROKE_WEST_RMT_115_RMT8,BROKE_WEST_RMT_115_RMT8_217697_Larvae,Anton Van de Putte,https://orcid.org/0000-0003-1336-5554,9,individuals,Larvae,detected,Electrona antarctica Larvae,Anton Van de Putte,https://orcid.org/0000-0003-1336-5554,urn:lsid:marinespecies.org:taxname:217697,Electrona antarctica,Species
BROKE_WEST_RMT_115_RMT8_217697_Postmeta,BROKE_WEST_RMT_115_RMT8,BROKE_WEST_RMT_115_RMT8_217697_Postmeta,Anton Van de Putte,https://orcid.org/0000-0003-1336-5554,1,individual,Postmeta,detected,Electrona antarctica  Postmeta,Anton Van de Putte,https://orcid.org/0000-0003-1336-5554,urn:lsid:marinespecies.org:taxname:217697,Electrona antarctica,Species
BROKE_WEST_RMT_115_RMT8_234695,BROKE_WEST_RMT_115_RMT8,BROKE_WEST_RMT_115_RMT8_234695,Anton Van de Putte,https://orcid.org/0000-0003-1336-5554,7,individuals,,detected,Notolepis coatsi,Anton Van de Putte,https://orcid.org/0000-0003-1336-5554,urn:lsid:marinespecies.org:taxname:234695,Notolepis coatsi,Species
BROKE_WEST_RMT_116_RMT8_217697,BROKE_WEST_RMT_116_RMT8,BROKE_WEST_RMT_116_RMT8_217697,Anton Van de Putte,https://orcid.org/0000-0003-1336-5554,8,individuals,,detected,Electrona antarctica all,Anton Van de Putte,https://orcid.org/0000-0003-1336-5554,urn:lsid:marinespecies.org:taxname:217697,Electrona antarctica,Species
BROKE_WEST_RMT_116_RMT8_217697_Larvae,BROKE_WEST_RMT_116_RMT8,BROKE_WEST_RMT_116_RMT8_217697_Larvae,Anton Van de Putte,https://orcid.org/0000-0003-1336-5554,2,individuals,Larvae,detected,Electrona antarctica Larvae,Anton Van de Putte,https://orcid.org/0000-0003-1336-5554,urn:lsid:marinespecies.org:taxname:217697,Electrona antarctica,Species
BROKE_WEST_RMT_116_RMT8_217697_Postmeta,BROKE_WEST_RMT_116_RMT8,BROKE_WEST_RMT_116_RMT8_217697_Postmeta,Anton Van de Putte,https://orcid.org/0000-0003-1336-5554,6,individuals,Postmeta,detected,Electrona antarctica  Postmeta,Anton Van de Putte,https://orcid.org/0000-0003-1336-5554,urn:lsid:marinespecies.org:taxname:217697,Electrona antarctica,Species
BROKE_WEST_RMT_116_RMT8_234695,BROKE_WEST_RMT_116_RMT8,BROKE_WEST_RMT_116_RMT8_234695,Anton Van de Putte,https://orcid.org/0000-0003-1336-5554,9,individuals,,detected,Notolepis coatsi,Anton Van de Putte,https://orcid.org/0000-0003-1336-5554,urn:lsid:marinespecies.org:taxname:234695,Notolepis coatsi,Species
BROKE_WEST_RMT_116_RMT8_234552,BROKE_WEST_RMT_116_RMT8,BROKE_WEST_RMT_116_RMT8_234552,Anton Van de Putte,https://orcid.org/0000-0003-1336-5554,1,individual,,detected,Bathydraco sp.,Anton Van de Putte,https://orcid.org/0000-0003-1336-5554,urn:lsid:marinespecies.org:taxname:234552,Bathydraco,Genus
BROKE_WEST_RMT_116_RMT8_1,BROKE_WEST_RMT_116_RMT8,BROKE_WEST_RMT_116_RMT8_1,Anton Van de Putte,https://orcid.org/0000-0003-1336-5554,3,individuals,,detected,Biota sp.,Anton Van de Putte,https://orcid.org/0000-0003-1336-5554,urn:lsid:marinespecies.org:taxname:1,Biota,Superdomain
BROKE_WEST_RMT_117_RMT8_234695,BROKE_WEST_RMT_117_RMT8,BROKE_WEST_RMT_117_RMT8_234695,Anton Van de Putte,https://orcid.org/0000-0003-1336-5554,1,individual,,detected,Notolepis coatsi,Anton Van de Putte,https://orcid.org/0000-0003-1336-5554,urn:lsid:marinespecies.org:taxname:234695,Notolepis coatsi,Species
BROKE_WEST_RMT_122_RMT8_234834,BROKE_WEST_RMT_122_RMT8,BROKE_WEST_RMT_122_RMT8_234834,Anton Van de Putte,https://orcid.org/0000-0003-1336-5554,1,individual,,detected,Cygnodraco mawsoni,Anton Van de Putte,https://orcid.org/0000-0003-1336-5554,urn:lsid:marinespecies.org:taxname:234834,Cygnodraco mawsoni,Species
BROKE_WEST_RMT_006_RMT8_234695,BROKE_WEST_RMT_006_RMT8,BROKE_WEST_RMT_006_RMT8_234695,Anton Van de Putte,https://orcid.org/0000-0003-1336-5554,1,individual,,detected,Notolepis coatsi,Anton Van de Putte,https://orcid.org/0000-0003-1336-5554,urn:lsid:marinespecies.org:taxname:234695,Notolepis coatsi,Species
BROKE_WEST_RMT_021_RMT8_1621601,BROKE_WEST_RMT_021_RMT8,BROKE_WEST_RMT_021_RMT8_1621601,Anton Van de Putte,https://orcid.org/0000-0003-1336-5554,1,individual,,detected,Pagetopsis maculatus,Anton Van de Putte,https://orcid.org/0000-0003-1336-5554,urn:lsid:marinespecies.org:taxname:1621601,Pagetopsis maculatus,Species
BROKE_WEST_RMT_022_RMT8_234721,BROKE_WEST_RMT_022_RMT8,BROKE_WEST_RMT_022_RMT8_234721,Anton Van de Putte,https://orcid.org/0000-0003-1336-5554,94,individuals,,detected,Pleuragramma antarcticum,Anton Van de Putte,https://orcid.org/0000-0003-1336-5554,urn:lsid:marinespecies.org:taxname:234721,Pleuragramma antarcticum,Species
BROKE_WEST_RMT_024_RMT8_234721,BROKE_WEST_RMT_024_RMT8,BROKE_WEST_RMT_024_RMT8_234721,Anton Van de Putte,https://orcid.org/0000-0003-1336-5554,3,individuals,,detected,Pleuragramma antarcticum,Anton Van de Putte,https://orcid.org/0000-0003-1336-5554,urn:lsid:marinespecies.org:taxname:234721,Pleuragramma antarcticum,Species
BROKE_WEST_RMT_024_RMT8_234566,BROKE_WEST_RMT_024_RMT8,BROKE_WEST_RMT_024_RMT8_234566,Anton Van de Putte,https://orcid.org/0000-0003-1336-5554,1,individual,,detected,Trematomus sp.,Anton Van de Putte,https://orcid.org/0000-0003-1336-5554,urn:lsid:marinespecies.org:taxname:234566,Trematomus,Genus
BROKE_WEST_RMT_032_RMT8_217697,BROKE_WEST_RMT_032_RMT8,BROKE_WEST_RMT_032_RMT8_217697,Anton Van de Putte,https://orcid.org/0000-0003-1336-5554,1,individual,,detected,Electrona antarctica all,Anton Van de Putte,https://orcid.org/0000-0003-1336-5554,urn:lsid:marinespecies.org:taxname:217697,Electrona antarctica,Species
BROKE_WEST_RMT_032_RMT8_217697_Larvae,BROKE_WEST_RMT_032_RMT8,BROKE_WEST_RMT_032_RMT8_217697_Larvae,Anton Van de Putte,https://orcid.org/0000-0003-1336-5554,1,individual,Larvae,detected,Electrona antarctica Larvae,Anton Van de Putte,https://orcid.org/0000-0003-1336-5554,urn:lsid:marinespecies.org:taxname:217697,Electrona antarctica,Species
BROKE_WEST_RMT_032_RMT8_234695,BROKE_WEST_RMT_032_RMT8,BROKE_WEST_RMT_032_RMT8_234695,Anton Van de Putte,https://orcid.org/0000-0003-1336-5554,1,individual,,detected,Notolepis coatsi,Anton Van de Putte,https://orcid.org/0000-0003-1336-5554,urn:lsid:marinespecies.org:taxname:234695,Notolepis coatsi,Species
BROKE_WEST_RMT_056_RMT8_234721,BROKE_WEST_RMT_056_RMT8,BROKE_WEST_RMT_056_RMT8_234721,Anton Van de Putte,https://orcid.org/0000-0003-1336-5554,1,individual,,detected,Pleuragramma antarcticum,Anton Van de Putte,https://orcid.org/0000-0003-1336-5554,urn:lsid:marinespecies.org:taxname:234721,Pleuragramma antarcticum,Species
BROKE_WEST_RMT_065_RMT8_217697,BROKE_WEST_RMT_065_RMT8,BROKE_WEST_RMT_065_RMT8_217697,Anton Van de Putte,https://orcid.org/0000-0003-1336-5554,5,individuals,,detected,Electrona antarctica all,Anton Van de Putte,https://orcid.org/0000-0003-1336-5554,urn:lsid:marinespecies.org:taxname:217697,Electrona antarctica,Species
BROKE_WEST_RMT_065_RMT8_217697_Larvae,BROKE_WEST_RMT_065_RMT8,BROKE_WEST_RMT_065_RMT8_217697_Larvae,Anton Van de Putte,https://orcid.org/0000-0003-1336-5554,1,individual,Larvae,detected,Electrona antarctica Larvae,Anton Van de Putte,https://orcid.org/0000-0003-1336-5554,urn:lsid:marinespecies.org:taxname:217697,Electrona antarctica,Species
BROKE_WEST_RMT_065_RMT8_217697_Postmeta,BROKE_WEST_RMT_065_RMT8,BROKE_WEST_RMT_065_RMT8_217697_Postmeta,Anton Van de Putte,https://orcid.org/0000-0003-1336-5554,4,individuals,Postmeta,detected,Electrona antarctica  Postmeta,Anton Van de Putte,https://orcid.org/0000-0003-1336-5554,urn:lsid:marinespecies.org:taxname:217697,Electrona antarctica,Species
BROKE_WEST_RMT_065_RMT8_234642,BROKE_WEST_RMT_065_RMT8,BROKE_WEST_RMT_065_RMT8_234642,Anton Van de Putte,https://orcid.org/0000-0003-1336-5554,1,individual,,detected,Gymnoscopelus braueri,Anton Van de Putte,https://orcid.org/0000-0003-1336-5554,urn:lsid:marinespecies.org:taxname:234642,Gymnoscopelus braueri,Species
BROKE_WEST_RMT_070_RMT8_217697,BROKE_WEST_RMT_070_RMT8,BROKE_WEST_RMT_070_RMT8_217697,Anton Van de Putte,https://orcid.org/0000-0003-1336-5554,1,individual,,detected,Electrona antarctica all,Anton Van de Putte,https://orcid.org/0000-0003-1336-5554,urn:lsid:marinespecies.org:taxname:217697,Electrona antarctica,Species
BROKE_WEST_RMT_070_RMT8_217697_Larvae,BROKE_WEST_RMT_070_RMT8,BROKE_WEST_RMT_070_RMT8_217697_Larvae,Anton Van de Putte,https://orcid.org/0000-0003-1336-5554,1,individual,Larvae,detected,Electrona antarctica Larvae,Anton Van de Putte,https://orcid.org/0000-0003-1336-5554,urn:lsid:marinespecies.org:taxname:217697,Electrona antarctica,Species
BROKE_WEST_RMT_070_RMT8_234695,BROKE_WEST_RMT_070_RMT8,BROKE_WEST_RMT_070_RMT8_234695,Anton Van de Putte,https://orcid.org/0000-0003-1336-5554,1,individual,,detected,Notolepis coatsi,Anton Van de Putte,https://orcid.org/0000-0003-1336-5554,urn:lsid:marinespecies.org:taxname:234695,Notolepis coatsi,Species
BROKE_WEST_RMT_085_RMT8_217697,BROKE_WEST_RMT_085_RMT8,BROKE_WEST_RMT_085_RMT8_217697,Anton Van de Putte,https://orcid.org/0000-0003-1336-5554,1,individual,,detected,Electrona antarctica all,Anton Van de Putte,https://orcid.org/0000-0003-1336-5554,urn:lsid:marinespecies.org:taxname:217697,Electrona antarctica,Species
BROKE_WEST_RMT_085_RMT8_217697_Postmeta,BROKE_WEST_RMT_085_RMT8,BROKE_WEST_RMT_085_RMT8_217697_Postmeta,Anton Van de Putte,https://orcid.org/0000-0003-1336-5554,1,individual,Postmeta,detected,Electrona antarctica  Postmeta,Anton Van de Putte,https://orcid.org/0000-0003-1336-5554,urn:lsid:marinespecies.org:taxname:217697,Electrona antarctica,Species
BROKE_WEST_RMT_086_RMT8_217697,BROKE_WEST_RMT_086_RMT8,BROKE_WEST_RMT_086_RMT8_217697,Anton Van de Putte,https://orcid.org/0000-0003-1336-5554,1,individual,,detected,Electrona antarctica all,Anton Van de Putte,https://orcid.org/0000-0003-1336-5554,urn:lsid:marinespecies.org:taxname:217697,Electrona antarctica,Species
BROKE_WEST_RMT_086_RMT8_217697_Larvae,BROKE_WEST_RMT_086_RMT8,BROKE_WEST_RMT_086_RMT8_217697_Larvae,Anton Van de Putte,https://orcid.org/0000-0003-1336-5554,1,individual,Larvae,detected,Electrona antarctica Larvae,Anton Van de Putte,https://orcid.org/0000-0003-1336-5554,urn:lsid:marinespecies.org:taxname:217697,Electrona antarctica,Species
BROKE_WEST_RMT_086_RMT8_234695,BROKE_WEST_RMT_086_RMT8,BROKE_WEST_RMT_086_RMT8_234695,Anton Van de Putte,https://orcid.org/0000-0003-1336-5554,1,individual,,detected,Notolepis coatsi,Anton Van de Putte,https://orcid.org/0000-0003-1336-5554,urn:lsid:marinespecies.org:taxname:234695,Notolepis coatsi,Species
BROKE_WEST_RMT_088_RMT8_217697,BROKE_WEST_RMT_088_RMT8,BROKE_WEST_RMT_088_RMT8_217697,Anton Van de Putte,https://orcid.org/0000-0003-1336-5554,4,individuals,,detected,Electrona antarctica all,Anton Van de Putte,https://orcid.org/0000-0003-1336-5554,urn:lsid:marinespecies.org:taxname:217697,Electrona antarctica,Species
BROKE_WEST_RMT_088_RMT8_217697_Larvae,BROKE_WEST_RMT_088_RMT8,BROKE_WEST_RMT_088_RMT8_217697_Larvae,Anton Van de Putte,https://orcid.org/0000-0003-1336-5554,3,individuals,Larvae,detected,Electrona antarctica Larvae,Anton Van de Putte,https://orcid.org/0000-0003-1336-5554,urn:lsid:marinespecies.org:taxname:217697,Electrona antarctica,Species
BROKE_WEST_RMT_088_RMT8_217697_Postmeta,BROKE_WEST_RMT_088_RMT8,BROKE_WEST_RMT_088_RMT8_217697_Postmeta,Anton Van de Putte,https://orcid.org/0000-0003-1336-5554,1,individual,Postmeta,detected,Electrona antarctica  Postmeta,Anton Van de Putte,https://orcid.org/0000-0003-1336-5554,urn:lsid:marinespecies.org:taxname:217697,Electrona antarctica,Species
BROKE_WEST_RMT_089_RMT8_217697,BROKE_WEST_RMT_089_RMT8,BROKE_WEST_RMT_089_RMT8_217697,Anton Van de Putte,https://orcid.org/0000-0003-1336-5554,2,individuals,,detected,Electrona antarctica all,Anton Van de Putte,https://orcid.org/0000-0003-1336-5554,urn:lsid:marinespecies.org:taxname:217697,Electrona antarctica,Species
BROKE_WEST_RMT_089_RMT8_217697_Larvae,BROKE_WEST_RMT_089_RMT8,BROKE_WEST_RMT_089_RMT8_217697_Larvae,Anton Van de Putte,https://orcid.org/0000-0003-1336-5554,2,individuals,Larvae,detected,Electrona antarctica Larvae,Anton Van de Putte,https://orcid.org/0000-0003-1336-5554,urn:lsid:marinespecies.org:taxname:217697,Electrona antarctica,Species
BROKE_WEST_RMT_089_RMT8_234695,BROKE_WEST_RMT_089_RMT8,BROKE_WEST_RMT_089_RMT8_234695,Anton Van de Putte,https://orcid.org/0000-0003-1336-5554,1,individual,,detected,Notolepis coatsi,Anton Van de Putte,https://orcid.org/0000-0003-1336-5554,urn:lsid:marinespecies.org:taxname:234695,Notolepis coatsi,Species
BROKE_WEST_RMT_094_RMT8_217697,BROKE_WEST_RMT_094_RMT8,BROKE_WEST_RMT_094_RMT8_217697,Anton Van de Putte,https://orcid.org/0000-0003-1336-5554,1,individual,,detected,Electrona antarctica all,Anton Van de Putte,https://orcid.org/0000-0003-1336-5554,urn:lsid:marinespecies.org:taxname:217697,Electrona antarctica,Species
BROKE_WEST_RMT_094_RMT8_217697_Larvae,BROKE_WEST_RMT_094_RMT8,BROKE_WEST_RMT_094_RMT8_217697_Larvae,Anton Van de Putte,https://orcid.org/0000-0003-1336-5554,1,individual,Larvae,detected,Electrona antarctica Larvae,Anton Van de Putte,https://orcid.org/0000-0003-1336-5554,urn:lsid:marinespecies.org:taxname:217697,Electrona antarctica,Species
BROKE_WEST_RMT_096_RMT8_234695,BROKE_WEST_RMT_096_RMT8,BROKE_WEST_RMT_096_RMT8_234695,Anton Van de Putte,https://orcid.org/0000-0003-1336-5554,1,individual,,detected,Notolepis coatsi,Anton Van de Putte,https://orcid.org/0000-0003-1336-5554,urn:lsid:marinespecies.org:taxname:234695,Notolepis coatsi,Species
BROKE_WEST_RMT_099_RMT8_234695,BROKE_WEST_RMT_099_RMT8,BROKE_WEST_RMT_099_RMT8_234695,Anton Van de Putte,https://orcid.org/0000-0003-1336-5554,1,individual,,detected,Notolepis coatsi,Anton Van de Putte,https://orcid.org/0000-0003-1336-5554,urn:lsid:marinespecies.org:taxname:234695,Notolepis coatsi,Species
BROKE_WEST_RMT_099_RMT8_234552,BROKE_WEST_RMT_099_RMT8,BROKE_WEST_RMT_099_RMT8_234552,Anton Van de Putte,https://orcid.org/0000-0003-1336-5554,1,individual,,detected,Bathydraco sp.,Anton Van de Putte,https://orcid.org/0000-0003-1336-5554,urn:lsid:marinespecies.org:taxname:234552,Bathydraco,Genus
BROKE_WEST_RMT_099_RMT8_234834,BROKE_WEST_RMT_099_RMT8,BROKE_WEST_RMT_099_RMT8_234834,Anton Van de Putte,https://orcid.org/0000-0003-1336-5554,2,individuals,,detected,Cygnodraco mawsoni,Anton Van de Putte,https://orcid.org/0000-0003-1336-5554,urn:lsid:marinespecies.org:taxname:234834,Cygnodraco mawsoni,Species
BROKE_WEST_RMT_100_RMT8_234730,BROKE_WEST_RMT_100_RMT8,BROKE_WEST_RMT_100_RMT8_234730,Anton Van de Putte,https://orcid.org/0000-0003-1336-5554,1,individual,,detected,Pogonophryne marmorata,Anton Van de Putte,https://orcid.org/0000-0003-1336-5554,urn:lsid:marinespecies.org:taxname:234730,Pogonophryne marmorata,Species
BROKE_WEST_RMT_100_RMT8_234552,BROKE_WEST_RMT_100_RMT8,BROKE_WEST_RMT_100_RMT8_234552,Anton Van de Putte,https://orcid.org/0000-0003-1336-5554,2,individuals,,detected,Bathydraco sp.,Anton Van de Putte,https://orcid.org/0000-0003-1336-5554,urn:lsid:marinespecies.org:taxname:234552,Bathydraco,Genus
BROKE_WEST_RMT_100_RMT8_234834,BROKE_WEST_RMT_100_RMT8,BROKE_WEST_RMT_100_RMT8_234834,Anton Van de Putte,https://orcid.org/0000-0003-1336-5554,1,individual,,detected,Cygnodraco mawsoni,Anton Van de Putte,https://orcid.org/0000-0003-1336-5554,urn:lsid:marinespecies.org:taxname:234834,Cygnodraco mawsoni,Species
BROKE_WEST_RMT_106_RMT8_234582,BROKE_WEST_RMT_106_RMT8,BROKE_WEST_RMT_106_RMT8_234582,Anton Van de Putte,https://orcid.org/0000-0003-1336-5554,2,individuals,,detected,Chionodraco sp.,Anton Van de Putte,https://orcid.org/0000-0003-1336-5554,urn:lsid:marinespecies.org:taxname:234582,Chionodraco,Genus
BROKE_WEST_RMT_106_RMT8_234721,BROKE_WEST_RMT_106_RMT8,BROKE_WEST_RMT_106_RMT8_234721,Anton Van de Putte,https://orcid.org/0000-0003-1336-5554,1,individual,,detected,Pleuragramma antarcticum,Anton Van de Putte,https://orcid.org/0000-0003-1336-5554,urn:lsid:marinespecies.org:taxname:234721,Pleuragramma antarcticum,Species
BROKE_WEST_RMT_107_RMT8_234730,BROKE_WEST_RMT_107_RMT8,BROKE_WEST_RMT_107_RMT8_234730,Anton Van de Putte,https://orcid.org/0000-0003-1336-5554,1,individual,,detected,Pogonophryne marmorata,Anton Van de Putte,https://orcid.org/0000-0003-1336-5554,urn:lsid:marinespecies.org:taxname:234730,Pogonophryne marmorata,Species
BROKE_WEST_RMT_107_RMT8_234799,BROKE_WEST_RMT_107_RMT8,BROKE_WEST_RMT_107_RMT8_234799,Anton Van de Putte,https://orcid.org/0000-0003-1336-5554,1,individual,,detected,Racovitzia glacialis,Anton Van de Putte,https://orcid.org/0000-0003-1336-5554,urn:lsid:marinespecies.org:taxname:234799,Racovitzia glacialis,Species
BROKE_WEST_RMT_107_RMT8_234582,BROKE_WEST_RMT_107_RMT8,BROKE_WEST_RMT_107_RMT8_234582,Anton Van de Putte,https://orcid.org/0000-0003-1336-5554,4,individuals,,detected,Chionodraco sp.,Anton Van de Putte,https://orcid.org/0000-0003-1336-5554,urn:lsid:marinespecies.org:taxname:234582,Chionodraco,Genus
BROKE_WEST_RMT_107_RMT8_1621601,BROKE_WEST_RMT_107_RMT8,BROKE_WEST_RMT_107_RMT8_1621601,Anton Van de Putte,https://orcid.org/0000-0003-1336-5554,2,individuals,,detected,Pagetopsis maculatus,Anton Van de Putte,https://orcid.org/0000-0003-1336-5554,urn:lsid:marinespecies.org:taxname:1621601,Pagetopsis maculatus,Species
BROKE_WEST_RMT_107_RMT8_234721,BROKE_WEST_RMT_107_RMT8,BROKE_WEST_RMT_107_RMT8_234721,Anton Van de Putte,https://orcid.org/0000-0003-1336-5554,1,individual,,detected,Pleuragramma antarcticum,Anton Van de Putte,https://orcid.org/0000-0003-1336-5554,urn:lsid:marinespecies.org:taxname:234721,Pleuragramma antarcticum,Species
BROKE_WEST_RMT_108_RMT8_234566,BROKE_WEST_RMT_108_RMT8,BROKE_WEST_RMT_108_RMT8_234566,Anton Van de Putte,https://orcid.org/0000-0003-1336-5554,1,individual,,detected,Trematomus sp.,Anton Van de Putte,https://orcid.org/0000-0003-1336-5554,urn:lsid:marinespecies.org:taxname:234566,Trematomus,Genus
BROKE_WEST_RMT_109_RMT8_234582,BROKE_WEST_RMT_109_RMT8,BROKE_WEST_RMT_109_RMT8_234582,Anton Van de Putte,https://orcid.org/0000-0003-1336-5554,1,individual,,detected,Chionodraco sp.,Anton Van de Putte,https://orcid.org/0000-0003-1336-5554,urn:lsid:marinespecies.org:taxname:234582,Chionodraco,Genus
BROKE_WEST_RMT_109_RMT8_234720,BROKE_WEST_RMT_109_RMT8,BROKE_WEST_RMT_109_RMT8_234720,Anton Van de Putte,https://orcid.org/0000-0003-1336-5554,1,individual,,detected,Cryodraco antarcticus,Anton Van de Putte,https://orcid.org/0000-0003-1336-5554,urn:lsid:marinespecies.org:taxname:234720,Cryodraco antarcticus,Species
BROKE_WEST_RMT_111_RMT8_234695,BROKE_WEST_RMT_111_RMT8,BROKE_WEST_RMT_111_RMT8_234695,Anton Van de Putte,https://orcid.org/0000-0003-1336-5554,1,individual,,detected,Notolepis coatsi,Anton Van de Putte,https://orcid.org/0000-0003-1336-5554,urn:lsid:marinespecies.org:taxname:234695,Notolepis coatsi,Species
BROKE_WEST_RMT_111_RMT8_234720,BROKE_WEST_RMT_111_RMT8,BROKE_WEST_RMT_111_RMT8_234720,Anton Van de Putte,https://orcid.org/0000-0003-1336-5554,1,individual,,detected,Cryodraco antarcticus,Anton Van de Putte,https://orcid.org/0000-0003-1336-5554,urn:lsid:marinespecies.org:taxname:234720,Cryodraco antarcticus,Species
BROKE_WEST_RMT_113_RMT8_234695,BROKE_WEST_RMT_113_RMT8,BROKE_WEST_RMT_113_RMT8_234695,Anton Van de Putte,https://orcid.org/0000-0003-1336-5554,3,individuals,,detected,Notolepis coatsi,Anton Van de Putte,https://orcid.org/0000-0003-1336-5554,urn:lsid:marinespecies.org:taxname:234695,Notolepis coatsi,Species
BROKE_WEST_RMT_118_RMT8_234695,BROKE_WEST_RMT_118_RMT8,BROKE_WEST_RMT_118_RMT8_234695,Anton Van de Putte,https://orcid.org/0000-0003-1336-5554,1,individual,,detected,Notolepis coatsi,Anton Van de Putte,https://orcid.org/0000-0003-1336-5554,urn:lsid:marinespecies.org:taxname:234695,Notolepis coatsi,Species
BROKE_WEST_RMT_125_RMT8_1621601,BROKE_WEST_RMT_125_RMT8,BROKE_WEST_RMT_125_RMT8_1621601,Anton Van de Putte,https://orcid.org/0000-0003-1336-5554,1,individual,,detected,Pagetopsis maculatus,Anton Van de Putte,https://orcid.org/0000-0003-1336-5554,urn:lsid:marinespecies.org:taxname:1621601,Pagetopsis maculatus,Species
