<archive xmlns="http://rs.tdwg.org/dwc/text/" metadata="eml.xml">
  <core encoding="UTF-8" fieldsTerminatedBy="\t" linesTerminatedBy="\n" fieldsEnclosedBy="" ignoreHeaderLines="1" rowType="http://rs.tdwg.org/dwc/terms/Occurrence">
    <files>
      <location>occurrence.txt</location>
    </files>
    <id index="0" />
    <field index="1" term="http://purl.org/dc/terms/modified"/>
    <field index="2" term="http://purl.org/dc/terms/bibliographicCitation"/>
    <field index="3" term="http://purl.org/dc/terms/references"/>
    <field index="4" term="http://rs.tdwg.org/dwc/terms/institutionCode"/>
    <field index="5" term="http://rs.tdwg.org/dwc/terms/collectionCode"/>
    <field index="6" term="http://rs.tdwg.org/dwc/terms/basisOfRecord"/>
    <field index="7" term="http://rs.tdwg.org/dwc/terms/occurrenceID"/>
    <field index="8" term="http://rs.tdwg.org/dwc/terms/catalogNumber"/>
    <field index="9" term="http://rs.tdwg.org/dwc/terms/recordNumber"/>
    <field index="10" term="http://rs.tdwg.org/dwc/terms/recordedBy"/>
    <field index="11" term="http://rs.tdwg.org/dwc/terms/individualCount"/>
    <field index="12" term="http://rs.tdwg.org/dwc/terms/organismQuantity"/>
    <field index="13" term="http://rs.tdwg.org/dwc/terms/organismQuantityType"/>
    <field index="14" term="http://rs.tdwg.org/dwc/terms/sex"/>
    <field index="15" term="http://rs.tdwg.org/dwc/terms/lifeStage"/>
    <field index="16" term="http://rs.tdwg.org/dwc/terms/occurrenceStatus"/>
    <field index="17" term="http://rs.tdwg.org/dwc/terms/preparations"/>
    <field index="18" term="http://rs.tdwg.org/dwc/terms/associatedOccurrences"/>
    <field index="19" term="http://rs.tdwg.org/dwc/terms/associatedReferences"/>
    <field index="20" term="http://rs.tdwg.org/dwc/terms/otherCatalogNumbers"/>
    <field index="21" term="http://rs.tdwg.org/dwc/terms/occurrenceRemarks"/>
    <field index="22" term="http://rs.tdwg.org/dwc/terms/organismID"/>
    <field index="23" term="http://rs.tdwg.org/dwc/terms/materialSampleID"/>
    <field index="24" term="http://rs.tdwg.org/dwc/terms/eventID"/>
    <field index="25" term="http://rs.tdwg.org/dwc/terms/fieldNumber"/>
    <field index="26" term="http://rs.tdwg.org/dwc/terms/eventDate"/>
    <field index="27" term="http://rs.tdwg.org/dwc/terms/eventTime"/>
    <field index="28" term="http://rs.tdwg.org/dwc/terms/year"/>
    <field index="29" term="http://rs.tdwg.org/dwc/terms/month"/>
    <field index="30" term="http://rs.tdwg.org/dwc/terms/verbatimEventDate"/>
    <field index="31" term="http://rs.tdwg.org/dwc/terms/samplingProtocol"/>
    <field index="32" term="http://rs.tdwg.org/dwc/terms/sampleSizeValue"/>
    <field index="33" term="http://rs.tdwg.org/dwc/terms/sampleSizeUnit"/>
    <field index="34" term="http://rs.tdwg.org/dwc/terms/waterBody"/>
    <field index="35" term="http://rs.tdwg.org/dwc/terms/country"/>
    <field index="36" term="http://rs.tdwg.org/dwc/terms/stateProvince"/>
    <field index="37" term="http://rs.tdwg.org/dwc/terms/county"/>
    <field index="38" term="http://rs.tdwg.org/dwc/terms/locality"/>
    <field index="39" term="http://rs.tdwg.org/dwc/terms/minimumDepthInMeters"/>
    <field index="40" term="http://rs.tdwg.org/dwc/terms/maximumDepthInMeters"/>
    <field index="41" term="http://rs.tdwg.org/dwc/terms/minimumDistanceAboveSurfaceInMeters"/>
    <field index="42" term="http://rs.tdwg.org/dwc/terms/maximumDistanceAboveSurfaceInMeters"/>
    <field index="43" term="http://rs.tdwg.org/dwc/terms/decimalLatitude"/>
    <field index="44" term="http://rs.tdwg.org/dwc/terms/decimalLongitude"/>
    <field index="45" term="http://rs.tdwg.org/dwc/terms/coordinateUncertaintyInMeters"/>
    <field index="46" term="http://rs.tdwg.org/dwc/terms/coordinatePrecision"/>
    <field index="47" term="http://rs.tdwg.org/dwc/terms/footprintWKT"/>
    <field index="48" term="http://rs.tdwg.org/dwc/terms/identificationQualifier"/>
    <field index="49" term="http://rs.tdwg.org/dwc/terms/typeStatus"/>
    <field index="50" term="http://rs.tdwg.org/dwc/terms/identifiedBy"/>
    <field index="51" term="http://rs.tdwg.org/dwc/terms/dateIdentified"/>
    <field index="52" term="http://rs.tdwg.org/dwc/terms/identificationReferences"/>
    <field index="53" term="http://rs.tdwg.org/dwc/terms/identificationRemarks"/>
    <field index="54" term="http://rs.tdwg.org/dwc/terms/scientificNameID"/>
    <field index="55" term="http://rs.tdwg.org/dwc/terms/taxonConceptID"/>
    <field index="56" term="http://rs.tdwg.org/dwc/terms/scientificName"/>
    <field index="57" term="http://rs.tdwg.org/dwc/terms/kingdom"/>
    <field index="58" term="http://rs.tdwg.org/dwc/terms/phylum"/>
    <field index="59" term="http://rs.tdwg.org/dwc/terms/class"/>
    <field index="60" term="http://rs.tdwg.org/dwc/terms/order"/>
    <field index="61" term="http://rs.tdwg.org/dwc/terms/family"/>
    <field index="62" term="http://rs.tdwg.org/dwc/terms/genus"/>
    <field index="63" term="http://rs.tdwg.org/dwc/terms/subgenus"/>
    <field index="64" term="http://rs.tdwg.org/dwc/terms/specificEpithet"/>
    <field index="65" term="http://rs.tdwg.org/dwc/terms/infraspecificEpithet"/>
    <field index="66" term="http://rs.tdwg.org/dwc/terms/taxonRank"/>
    <field index="67" term="http://rs.tdwg.org/dwc/terms/scientificNameAuthorship"/>
    <field index="68" term="http://rs.tdwg.org/dwc/terms/vernacularName"/>
  </core>
  <extension encoding="UTF-8" fieldsTerminatedBy="\t" linesTerminatedBy="\n" fieldsEnclosedBy="" ignoreHeaderLines="1" rowType="http://rs.gbif.org/terms/1.0/DNADerivedData">
    <files>
      <location>dnaderiveddata.txt</location>
    </files>
    <coreid index="0" />
    <field index="1" term="https://w3id.org/gensc/terms/MIXS:0000012"/>
    <field index="2" term="https://w3id.org/gensc/terms/MIXS:0000013"/>
    <field index="3" term="https://w3id.org/gensc/terms/MIXS:0000014"/>
    <field index="4" term="https://w3id.org/gensc/terms/MIXS:0000041"/>
    <field index="5" term="https://w3id.org/gensc/terms/MIXS:0000044"/>
    <field index="6" term="https://w3id.org/gensc/terms/MIXS:0000045"/>
    <field index="7" term="https://w3id.org/gensc/terms/MIXS:0000050"/>
    <field index="8" term="https://w3id.org/gensc/terms/MIXS:0000085"/>
    <field index="9" term="https://w3id.org/gensc/terms/MIXS:0000086"/>
    <field index="10" term="https://w3id.org/gensc/terms/MIXS:0000087"/>
    <field index="11" term="https://w3id.org/gensc/terms/MIXS:0000090"/>
    <field index="12" term="http://rs.gbif.org/terms/pcr_primer_forward"/>
    <field index="13" term="http://rs.gbif.org/terms/pcr_primer_reverse"/>
    <field index="14" term="http://rs.gbif.org/terms/pcr_primer_name_forward"/>
    <field index="15" term="http://rs.gbif.org/terms/pcr_primer_name_reverse"/>
    <field index="16" term="http://rs.gbif.org/terms/pcr_primer_reference"/>
    <field index="17" term="http://rs.gbif.org/terms/dna_sequence"/>
  </extension>
  <extension encoding="UTF-8" fieldsTerminatedBy="\t" linesTerminatedBy="\n" fieldsEnclosedBy="" ignoreHeaderLines="1" rowType="http://rs.tdwg.org/dwc/terms/ResourceRelationship">
    <files>
      <location>resourcerelationship.txt</location>
    </files>
    <coreid index="0" />
    <field index="1" term="http://rs.tdwg.org/dwc/terms/resourceRelationshipID"/>
    <field index="2" term="http://rs.tdwg.org/dwc/terms/resourceID"/>
    <field index="3" term="http://rs.tdwg.org/dwc/terms/relatedResourceID"/>
    <field index="4" term="http://rs.tdwg.org/dwc/terms/relationshipOfResource"/>
    <field index="5" term="http://rs.tdwg.org/dwc/terms/relationshipAccordingTo"/>
    <field index="6" term="http://rs.tdwg.org/dwc/terms/relationshipEstablishedDate"/>
    <field index="7" term="http://rs.tdwg.org/dwc/terms/relationshipRemarks"/>
  </extension>
</archive>
